,filler name,filler name,filler name,filler name,filler name,filler name,filler name,filler name,filler name,filler name,filler name,filler name,filler name,filler name,filler name,filler name,filler name,filler name,filler name,filler name,filler name,filler name,filler name,filler name,filler name,filler name,filler name,filler name,filler name,filler name,filler name,filler name,filler name,filler name,filler name,filler name,filler name,filler name,filler name,filler name,filler name,filler name,filler name,filler name,filler name,filler name,filler name,filler name,filler name,filler name,filler name,filler name,filler name,filler name,filler name,filler name,filler name,filler name,filler name,filler name,filler name,filler name,filler name,filler name,filler name,filler name,filler name,filler name,filler name,filler name,filler name,filler name,filler name,filler name,filler name,filler name,filler name,filler name,filler name,filler name,filler name,filler name,filler name,filler name,filler name,filler name,filler name,filler name,filler name,filler name
Symbol Rate (GHz),1.0,5.0,10.0,1.0,5.0,10.0,1.0,5.0,10.0,1.0,5.0,10.0,1.0,5.0,10.0,1.0,5.0,10.0,1.0,5.0,10.0,1.0,5.0,10.0,1.0,5.0,10.0,1.0,5.0,10.0,1.0,5.0,10.0,1.0,5.0,10.0,1.0,5.0,10.0,1.0,5.0,10.0,1.0,5.0,10.0,1.0,5.0,10.0,1.0,5.0,10.0,1.0,5.0,10.0,1.0,5.0,10.0,1.0,5.0,10.0,1.0,5.0,10.0,1.0,5.0,10.0,1.0,5.0,10.0,1.0,5.0,10.0,1.0,5.0,10.0,1.0,5.0,10.0,1.0,5.0,10.0,1.0,5.0,10.0,1.0,5.0,10.0,1.0,5.0,10.0
Systolic Array Rows,8.0,8.0,8.0,8.0,8.0,8.0,8.0,8.0,8.0,8.0,8.0,8.0,8.0,8.0,8.0,8.0,8.0,8.0,8.0,8.0,8.0,8.0,8.0,8.0,8.0,8.0,8.0,8.0,8.0,8.0,8.0,8.0,8.0,8.0,8.0,8.0,4.0,4.0,4.0,16.0,16.0,16.0,32.0,32.0,32.0,64.0,64.0,64.0,128.0,128.0,128.0,256.0,256.0,256.0,8.0,8.0,8.0,8.0,8.0,8.0,8.0,8.0,8.0,8.0,8.0,8.0,8.0,8.0,8.0,8.0,8.0,8.0,8.0,8.0,8.0,8.0,8.0,8.0,8.0,8.0,8.0,8.0,8.0,8.0,8.0,8.0,8.0,8.0,8.0,8.0
Systolic Array Cols,8.0,8.0,8.0,8.0,8.0,8.0,8.0,8.0,8.0,8.0,8.0,8.0,8.0,8.0,8.0,8.0,8.0,8.0,4.0,4.0,4.0,16.0,16.0,16.0,32.0,32.0,32.0,64.0,64.0,64.0,128.0,128.0,128.0,256.0,256.0,256.0,8.0,8.0,8.0,8.0,8.0,8.0,8.0,8.0,8.0,8.0,8.0,8.0,8.0,8.0,8.0,8.0,8.0,8.0,8.0,8.0,8.0,8.0,8.0,8.0,8.0,8.0,8.0,8.0,8.0,8.0,8.0,8.0,8.0,8.0,8.0,8.0,8.0,8.0,8.0,8.0,8.0,8.0,8.0,8.0,8.0,8.0,8.0,8.0,8.0,8.0,8.0,8.0,8.0,8.0
SRAM Input Size,76576.0,76576.0,76576.0,76576.0,76576.0,76576.0,76576.0,76576.0,76576.0,76576.0,76576.0,76576.0,76576.0,76576.0,76576.0,76576.0,76576.0,76576.0,76576.0,76576.0,76576.0,76576.0,76576.0,76576.0,76576.0,76576.0,76576.0,76576.0,76576.0,76576.0,76576.0,76576.0,76576.0,76576.0,76576.0,76576.0,76576.0,76576.0,76576.0,76576.0,76576.0,76576.0,76576.0,76576.0,76576.0,76576.0,76576.0,76576.0,76576.0,76576.0,76576.0,76576.0,76576.0,76576.0,215806.0,215806.0,215806.0,355036.0,355036.0,355036.0,703111.0,703111.0,703111.0,76576.0,76576.0,76576.0,76576.0,76576.0,76576.0,76576.0,76576.0,76576.0,76576.0,76576.0,76576.0,76576.0,76576.0,76576.0,76576.0,76576.0,76576.0,76576.0,76576.0,76576.0,76576.0,76576.0,76576.0,76576.0,76576.0,76576.0
SRAM Filter Size,35000.0,35000.0,35000.0,35000.0,35000.0,35000.0,35000.0,35000.0,35000.0,35000.0,35000.0,35000.0,35000.0,35000.0,35000.0,35000.0,35000.0,35000.0,35000.0,35000.0,35000.0,35000.0,35000.0,35000.0,35000.0,35000.0,35000.0,35000.0,35000.0,35000.0,35000.0,35000.0,35000.0,35000.0,35000.0,35000.0,35000.0,35000.0,35000.0,35000.0,35000.0,35000.0,35000.0,35000.0,35000.0,35000.0,35000.0,35000.0,35000.0,35000.0,35000.0,35000.0,35000.0,35000.0,35000.0,35000.0,35000.0,35000.0,35000.0,35000.0,35000.0,35000.0,35000.0,65536.0,65536.0,65536.0,55357.0,55357.0,55357.0,45178.0,45178.0,45178.0,35000.0,35000.0,35000.0,35000.0,35000.0,35000.0,35000.0,35000.0,35000.0,35000.0,35000.0,35000.0,35000.0,35000.0,35000.0,35000.0,35000.0,35000.0
SRAM Output Size,76576.0,76576.0,76576.0,76576.0,76576.0,76576.0,76576.0,76576.0,76576.0,76576.0,76576.0,76576.0,76576.0,76576.0,76576.0,76576.0,76576.0,76576.0,76576.0,76576.0,76576.0,76576.0,76576.0,76576.0,76576.0,76576.0,76576.0,76576.0,76576.0,76576.0,76576.0,76576.0,76576.0,76576.0,76576.0,76576.0,76576.0,76576.0,76576.0,76576.0,76576.0,76576.0,76576.0,76576.0,76576.0,76576.0,76576.0,76576.0,76576.0,76576.0,76576.0,76576.0,76576.0,76576.0,76576.0,76576.0,76576.0,76576.0,76576.0,76576.0,76576.0,76576.0,76576.0,76576.0,76576.0,76576.0,76576.0,76576.0,76576.0,76576.0,76576.0,76576.0,215806.0,215806.0,215806.0,355036.0,355036.0,355036.0,703111.0,703111.0,703111.0,20000.0,20000.0,20000.0,100000.0,100000.0,100000.0,500000.0,500000.0,500000.0
Accumulator Elements,20000.0,20000.0,20000.0,20000.0,20000.0,20000.0,20000.0,20000.0,20000.0,20000.0,20000.0,20000.0,20000.0,20000.0,20000.0,20000.0,20000.0,20000.0,20000.0,20000.0,20000.0,20000.0,20000.0,20000.0,20000.0,20000.0,20000.0,20000.0,20000.0,20000.0,20000.0,20000.0,20000.0,20000.0,20000.0,20000.0,20000.0,20000.0,20000.0,20000.0,20000.0,20000.0,20000.0,20000.0,20000.0,20000.0,20000.0,20000.0,20000.0,20000.0,20000.0,20000.0,20000.0,20000.0,20000.0,20000.0,20000.0,20000.0,20000.0,20000.0,20000.0,20000.0,20000.0,20000.0,20000.0,20000.0,20000.0,20000.0,20000.0,20000.0,20000.0,20000.0,20000.0,20000.0,20000.0,20000.0,20000.0,20000.0,20000.0,20000.0,20000.0,20000.0,20000.0,20000.0,20000.0,20000.0,20000.0,20000.0,20000.0,20000.0
Batch Size,1.0,1.0,1.0,8.0,8.0,8.0,16.0,16.0,16.0,32.0,32.0,32.0,64.0,64.0,64.0,128.0,128.0,128.0,1.0,1.0,1.0,1.0,1.0,1.0,1.0,1.0,1.0,1.0,1.0,1.0,1.0,1.0,1.0,1.0,1.0,1.0,1.0,1.0,1.0,1.0,1.0,1.0,1.0,1.0,1.0,1.0,1.0,1.0,1.0,1.0,1.0,1.0,1.0,1.0,1.0,1.0,1.0,1.0,1.0,1.0,1.0,1.0,1.0,1.0,1.0,1.0,1.0,1.0,1.0,1.0,1.0,1.0,1.0,1.0,1.0,1.0,1.0,1.0,1.0,1.0,1.0,1.0,1.0,1.0,1.0,1.0,1.0,1.0,1.0,1.0
SRAM Input Reads,7196875.0,7196875.0,7196875.0,57575000.0,57575000.0,57575000.0,115150000.0,115150000.0,115150000.0,230300000.0,230300000.0,230300000.0,460600000.0,460600000.0,460600000.0,921200000.0,921200000.0,921200000.0,14393750.0,14393750.0,14393750.0,4318125.0,4318125.0,4318125.0,2878750.0,2878750.0,2878750.0,1439375.0,1439375.0,1439375.0,1439375.0,1439375.0,1439375.0,1439375.0,1439375.0,1439375.0,7196875.0,7196875.0,7196875.0,7196875.0,7196875.0,7196875.0,7196875.0,7196875.0,7196875.0,7196875.0,7196875.0,7196875.0,7196875.0,7196875.0,7196875.0,7196875.0,7196875.0,7196875.0,7196875.0,7196875.0,7196875.0,7196875.0,7196875.0,7196875.0,7196875.0,7196875.0,7196875.0,7196875.0,7196875.0,7196875.0,7196875.0,7196875.0,7196875.0,7196875.0,7196875.0,7196875.0,7196875.0,7196875.0,7196875.0,7196875.0,7196875.0,7196875.0,7196875.0,7196875.0,7196875.0,7196875.0,7196875.0,7196875.0,7196875.0,7196875.0,7196875.0,7196875.0,7196875.0,7196875.0
SRAM Filter Reads,35000.0,35000.0,35000.0,35000.0,35000.0,35000.0,70000.0,70000.0,70000.0,105000.0,105000.0,105000.0,210000.0,210000.0,210000.0,385000.0,385000.0,385000.0,35000.0,35000.0,35000.0,35000.0,35000.0,35000.0,35000.0,35000.0,35000.0,35000.0,35000.0,35000.0,35000.0,35000.0,35000.0,35000.0,35000.0,35000.0,35000.0,35000.0,35000.0,35000.0,35000.0,35000.0,35000.0,35000.0,35000.0,35000.0,35000.0,35000.0,35000.0,35000.0,35000.0,35000.0,35000.0,35000.0,35000.0,35000.0,35000.0,35000.0,35000.0,35000.0,35000.0,35000.0,35000.0,35000.0,35000.0,35000.0,35000.0,35000.0,35000.0,35000.0,35000.0,35000.0,35000.0,35000.0,35000.0,35000.0,35000.0,35000.0,35000.0,35000.0,35000.0,35000.0,35000.0,35000.0,35000.0,35000.0,35000.0,35000.0,35000.0,35000.0
SRAM Output Writes,65800.0,65800.0,65800.0,526400.0,526400.0,526400.0,1052800.0,1052800.0,1052800.0,2105600.0,2105600.0,2105600.0,4211200.0,4211200.0,4211200.0,8422400.0,8422400.0,8422400.0,65800.0,65800.0,65800.0,65800.0,65800.0,65800.0,65800.0,65800.0,65800.0,65800.0,65800.0,65800.0,65800.0,65800.0,65800.0,65800.0,65800.0,65800.0,65800.0,65800.0,65800.0,65800.0,65800.0,65800.0,65800.0,65800.0,65800.0,65800.0,65800.0,65800.0,65800.0,65800.0,65800.0,65800.0,65800.0,65800.0,65800.0,65800.0,65800.0,65800.0,65800.0,65800.0,65800.0,65800.0,65800.0,65800.0,65800.0,65800.0,65800.0,65800.0,65800.0,65800.0,65800.0,65800.0,65800.0,65800.0,65800.0,65800.0,65800.0,65800.0,65800.0,65800.0,65800.0,65800.0,65800.0,65800.0,65800.0,65800.0,65800.0,65800.0,65800.0,65800.0
DRAM Input Reads,69615.0,69615.0,69615.0,306306000.0,306306000.0,306306000.0,612612000.0,612612000.0,612612000.0,1225224000.0,1225224000.0,1225224000.0,2450448000.0,2450448000.0,2450448000.0,4900896000.0,4900896000.0,4900896000.0,69615.0,69615.0,69615.0,69615.0,69615.0,69615.0,69615.0,69615.0,69615.0,69615.0,69615.0,69615.0,69615.0,69615.0,69615.0,69615.0,69615.0,69615.0,69615.0,69615.0,69615.0,69615.0,69615.0,69615.0,69615.0,69615.0,69615.0,69615.0,69615.0,69615.0,69615.0,69615.0,69615.0,69615.0,69615.0,69615.0,69615.0,69615.0,69615.0,69615.0,69615.0,69615.0,69615.0,69615.0,69615.0,69615.0,69615.0,69615.0,69615.0,69615.0,69615.0,69615.0,69615.0,69615.0,69615.0,69615.0,69615.0,69615.0,69615.0,69615.0,69615.0,69615.0,69615.0,69615.0,69615.0,69615.0,69615.0,69615.0,69615.0,69615.0,69615.0,69615.0
DRAM Filter Reads,35200.0,35200.0,35200.0,35200.0,35200.0,35200.0,35200.0,35200.0,35200.0,35200.0,35200.0,35200.0,35200.0,35200.0,35200.0,35200.0,35200.0,35200.0,35200.0,35200.0,35200.0,42240.0,42240.0,42240.0,56320.0,56320.0,56320.0,56320.0,56320.0,56320.0,112640.0,112640.0,112640.0,225280.0,225280.0,225280.0,35040.0,35040.0,35040.0,35200.0,35200.0,35200.0,35840.0,35840.0,35840.0,35840.0,35840.0,35840.0,35840.0,35840.0,35840.0,40960.0,40960.0,40960.0,35200.0,35200.0,35200.0,35200.0,35200.0,35200.0,35200.0,35200.0,35200.0,35200.0,35200.0,35200.0,35200.0,35200.0,35200.0,35200.0,35200.0,35200.0,35200.0,35200.0,35200.0,35200.0,35200.0,35200.0,35200.0,35200.0,35200.0,35200.0,35200.0,35200.0,35200.0,35200.0,35200.0,35200.0,35200.0,35200.0
DRAM Output Writes,65800.0,65800.0,65800.0,526400.0,526400.0,526400.0,1052800.0,1052800.0,1052800.0,2105600.0,2105600.0,2105600.0,4211200.0,4211200.0,4211200.0,8422400.0,8422400.0,8422400.0,65800.0,65800.0,65800.0,65800.0,65800.0,65800.0,65800.0,65800.0,65800.0,65800.0,65800.0,65800.0,65800.0,65800.0,65800.0,65800.0,65800.0,65800.0,65800.0,65800.0,65800.0,65800.0,65800.0,65800.0,65800.0,65800.0,65800.0,65800.0,65800.0,65800.0,65800.0,65800.0,65800.0,65800.0,65800.0,65800.0,65800.0,65800.0,65800.0,65800.0,65800.0,65800.0,65800.0,65800.0,65800.0,65800.0,65800.0,65800.0,65800.0,65800.0,65800.0,65800.0,65800.0,65800.0,65800.0,65800.0,65800.0,65800.0,65800.0,65800.0,65800.0,65800.0,65800.0,65800.0,65800.0,65800.0,65800.0,65800.0,65800.0,65800.0,65800.0,65800.0
Total Weights Programming Cycles,550.0,550.0,550.0,550.0,550.0,550.0,1100.0,1100.0,1100.0,1650.0,1650.0,1650.0,3300.0,3300.0,3300.0,6050.0,6050.0,6050.0,1100.0,1100.0,1100.0,330.0,330.0,330.0,220.0,220.0,220.0,110.0,110.0,110.0,110.0,110.0,110.0,110.0,110.0,110.0,1095.0,1095.0,1095.0,275.0,275.0,275.0,140.0,140.0,140.0,70.0,70.0,70.0,35.0,35.0,35.0,20.0,20.0,20.0,550.0,550.0,550.0,550.0,550.0,550.0,550.0,550.0,550.0,550.0,550.0,550.0,550.0,550.0,550.0,550.0,550.0,550.0,550.0,550.0,550.0,550.0,550.0,550.0,550.0,550.0,550.0,550.0,550.0,550.0,550.0,550.0,550.0,550.0,550.0,550.0
Total Vector Segments Processed,904750.0,904750.0,904750.0,7238000.0,7238000.0,7238000.0,14476000.0,14476000.0,14476000.0,28952000.0,28952000.0,28952000.0,57904000.0,57904000.0,57904000.0,115808000.0,115808000.0,115808000.0,1809500.0,1809500.0,1809500.0,542850.0,542850.0,542850.0,361900.0,361900.0,361900.0,180950.0,180950.0,180950.0,180950.0,180950.0,180950.0,180950.0,180950.0,180950.0,1801275.0,1801275.0,1801275.0,452375.0,452375.0,452375.0,230300.0,230300.0,230300.0,115150.0,115150.0,115150.0,57575.0,57575.0,57575.0,32900.0,32900.0,32900.0,904750.0,904750.0,904750.0,904750.0,904750.0,904750.0,904750.0,904750.0,904750.0,904750.0,904750.0,904750.0,904750.0,904750.0,904750.0,904750.0,904750.0,904750.0,904750.0,904750.0,904750.0,904750.0,904750.0,904750.0,904750.0,904750.0,904750.0,904750.0,904750.0,904750.0,904750.0,904750.0,904750.0,904750.0,904750.0,904750.0
Accumulator Dumps,1.0,1.0,1.0,5.0,5.0,5.0,10.0,10.0,10.0,15.0,15.0,15.0,30.0,30.0,30.0,55.0,55.0,55.0,1.0,1.0,1.0,1.0,1.0,1.0,1.0,1.0,1.0,1.0,1.0,1.0,1.0,1.0,1.0,1.0,1.0,1.0,1.0,1.0,1.0,1.0,1.0,1.0,1.0,1.0,1.0,1.0,1.0,1.0,1.0,1.0,1.0,1.0,1.0,1.0,1.0,1.0,1.0,1.0,1.0,1.0,1.0,1.0,1.0,1.0,1.0,1.0,1.0,1.0,1.0,1.0,1.0,1.0,1.0,1.0,1.0,1.0,1.0,1.0,1.0,1.0,1.0,1.0,1.0,1.0,1.0,1.0,1.0,1.0,1.0,1.0
ADCs Area,0.24,0.28,0.38,0.24,0.28,0.38,0.24,0.28,0.38,0.24,0.28,0.38,0.24,0.28,0.38,0.24,0.28,0.38,0.12,0.14,0.19,0.48,0.56,0.76,0.96,1.12,1.52,1.92,2.24,3.04,3.84,4.48,6.08,7.68,8.96,12.16,0.24,0.28,0.38,0.24,0.28,0.38,0.24,0.28,0.38,0.24,0.28,0.38,0.24,0.28,0.38,0.24,0.28,0.38,0.24,0.28,0.38,0.24,0.28,0.38,0.24,0.28,0.38,0.24,0.28,0.38,0.24,0.28,0.38,0.24,0.28,0.38,0.24,0.28,0.38,0.24,0.28,0.38,0.24,0.28,0.38,0.24,0.28,0.38,0.24,0.28,0.38,0.24,0.28,0.38
PS Area,0.0,0.0,0.0,0.0,0.0,0.0,0.0,0.0,0.0,0.0,0.0,0.0,0.0,0.0,0.0,0.0,0.0,0.0,0.0,0.0,0.0,0.0,0.0,0.0,0.0,0.0,0.0,0.0,0.0,0.0,0.0,0.0,0.0,0.0,0.0,0.0,0.0,0.0,0.0,0.0,0.0,0.0,0.0,0.0,0.0,0.0,0.0,0.0,0.0,0.0,0.0,0.0,0.0,0.0,0.0,0.0,0.0,0.0,0.0,0.0,0.0,0.0,0.0,0.0,0.0,0.0,0.0,0.0,0.0,0.0,0.0,0.0,0.0,0.0,0.0,0.0,0.0,0.0,0.0,0.0,0.0,0.0,0.0,0.0,0.0,0.0,0.0,0.0,0.0,0.0
ODAC Drivers Area,0.0096,0.0096,0.0096,0.0096,0.0096,0.0096,0.0096,0.0096,0.0096,0.0096,0.0096,0.0096,0.0096,0.0096,0.0096,0.0096,0.0096,0.0096,0.0096,0.0096,0.0096,0.0096,0.0096,0.0096,0.0096,0.0096,0.0096,0.0096,0.0096,0.0096,0.0096,0.0096,0.0096,0.0096,0.0096,0.0096,0.0048,0.0048,0.0048,0.0192,0.0192,0.0192,0.0384,0.0384,0.0384,0.0768,0.0768,0.0768,0.1536,0.1536,0.1536,0.3072,0.3072,0.3072,0.0096,0.0096,0.0096,0.0096,0.0096,0.0096,0.0096,0.0096,0.0096,0.0096,0.0096,0.0096,0.0096,0.0096,0.0096,0.0096,0.0096,0.0096,0.0096,0.0096,0.0096,0.0096,0.0096,0.0096,0.0096,0.0096,0.0096,0.0096,0.0096,0.0096,0.0096,0.0096,0.0096,0.0096,0.0096,0.0096
PCM Heaters Area,0.0,0.0,0.0,0.0,0.0,0.0,0.0,0.0,0.0,0.0,0.0,0.0,0.0,0.0,0.0,0.0,0.0,0.0,0.0,0.0,0.0,0.0,0.0,0.0,0.0,0.0,0.0,0.0,0.0,0.0,0.0,0.0,0.0,0.0,0.0,0.0,0.0,0.0,0.0,0.0,0.0,0.0,0.0,0.0,0.0,0.0,0.0,0.0,0.0,0.0,0.0,0.0,0.0,0.0,0.0,0.0,0.0,0.0,0.0,0.0,0.0,0.0,0.0,0.0,0.0,0.0,0.0,0.0,0.0,0.0,0.0,0.0,0.0,0.0,0.0,0.0,0.0,0.0,0.0,0.0,0.0,0.0,0.0,0.0,0.0,0.0,0.0,0.0,0.0,0.0
MRM Heaters Area,0.0276,0.0276,0.0276,0.0276,0.0276,0.0276,0.0276,0.0276,0.0276,0.0276,0.0276,0.0276,0.0276,0.0276,0.0276,0.0276,0.0276,0.0276,0.0276,0.0276,0.0276,0.0552,0.0552,0.0552,0.0828,0.0828,0.0828,0.138,0.138,0.138,0.2484,0.2484,0.2484,0.4692,0.4692,0.4692,0.0276,0.0276,0.0276,0.0552,0.0552,0.0552,0.0828,0.0828,0.0828,0.138,0.138,0.138,0.2484,0.2484,0.2484,0.4692,0.4692,0.4692,0.0276,0.0276,0.0276,0.0276,0.0276,0.0276,0.0276,0.0276,0.0276,0.0276,0.0276,0.0276,0.0276,0.0276,0.0276,0.0276,0.0276,0.0276,0.0276,0.0276,0.0276,0.0276,0.0276,0.0276,0.0276,0.0276,0.0276,0.0276,0.0276,0.0276,0.0276,0.0276,0.0276,0.0276,0.0276,0.0276
SRAM Area,0.0846684,0.0846684,0.0846684,0.0846684,0.0846684,0.0846684,0.0846684,0.0846684,0.0846684,0.0846684,0.0846684,0.0846684,0.0846684,0.0846684,0.0846684,0.0846684,0.0846684,0.0846684,0.0846684,0.0846684,0.0846684,0.0846684,0.0846684,0.0846684,0.0846684,0.0846684,0.0846684,0.0846684,0.0846684,0.0846684,0.0846684,0.0846684,0.0846684,0.0846684,0.0846684,0.0846684,0.0846684,0.0846684,0.0846684,0.0846684,0.0846684,0.0846684,0.0846684,0.0846684,0.0846684,0.0846684,0.0846684,0.0846684,0.0846684,0.0846684,0.0846684,0.0846684,0.0846684,0.0846684,0.1473219,0.1473219,0.1473219,0.2099754,0.2099754,0.2099754,0.36660915000000005,0.36660915000000005,0.36660915000000005,0.09840960000000001,0.09840960000000001,0.09840960000000001,0.09382905000000001,0.09382905000000001,0.09382905000000001,0.08924850000000001,0.08924850000000001,0.08924850000000001,0.1473219,0.1473219,0.1473219,0.2099754,0.2099754,0.2099754,0.36660915000000005,0.36660915000000005,0.36660915000000005,0.059209200000000003,0.059209200000000003,0.059209200000000003,0.09520920000000001,0.09520920000000001,0.09520920000000001,0.27520920000000004,0.27520920000000004,0.27520920000000004
DRAM Area,0.0,0.0,0.0,0.0,0.0,0.0,0.0,0.0,0.0,0.0,0.0,0.0,0.0,0.0,0.0,0.0,0.0,0.0,0.0,0.0,0.0,0.0,0.0,0.0,0.0,0.0,0.0,0.0,0.0,0.0,0.0,0.0,0.0,0.0,0.0,0.0,0.0,0.0,0.0,0.0,0.0,0.0,0.0,0.0,0.0,0.0,0.0,0.0,0.0,0.0,0.0,0.0,0.0,0.0,0.0,0.0,0.0,0.0,0.0,0.0,0.0,0.0,0.0,0.0,0.0,0.0,0.0,0.0,0.0,0.0,0.0,0.0,0.0,0.0,0.0,0.0,0.0,0.0,0.0,0.0,0.0,0.0,0.0,0.0,0.0,0.0,0.0,0.0,0.0,0.0
Clock Area,0.084,0.084,0.084,0.084,0.084,0.084,0.084,0.084,0.084,0.084,0.084,0.084,0.084,0.084,0.084,0.084,0.084,0.084,0.063,0.063,0.063,0.126,0.126,0.126,0.21000000000000002,0.21000000000000002,0.21000000000000002,0.378,0.378,0.378,0.7140000000000001,0.7140000000000001,0.7140000000000001,1.3860000000000001,1.3860000000000001,1.3860000000000001,0.063,0.063,0.063,0.126,0.126,0.126,0.21000000000000002,0.21000000000000002,0.21000000000000002,0.378,0.378,0.378,0.7140000000000001,0.7140000000000001,0.7140000000000001,1.3860000000000001,1.3860000000000001,1.3860000000000001,0.084,0.084,0.084,0.084,0.084,0.084,0.084,0.084,0.084,0.084,0.084,0.084,0.084,0.084,0.084,0.084,0.084,0.084,0.084,0.084,0.084,0.084,0.084,0.084,0.084,0.084,0.084,0.084,0.084,0.084,0.084,0.084,0.084,0.084,0.084,0.084
Rx AFE Area,0.0,0.0,0.0,0.0,0.0,0.0,0.0,0.0,0.0,0.0,0.0,0.0,0.0,0.0,0.0,0.0,0.0,0.0,0.0,0.0,0.0,0.0,0.0,0.0,0.0,0.0,0.0,0.0,0.0,0.0,0.0,0.0,0.0,0.0,0.0,0.0,0.0,0.0,0.0,0.0,0.0,0.0,0.0,0.0,0.0,0.0,0.0,0.0,0.0,0.0,0.0,0.0,0.0,0.0,0.0,0.0,0.0,0.0,0.0,0.0,0.0,0.0,0.0,0.0,0.0,0.0,0.0,0.0,0.0,0.0,0.0,0.0,0.0,0.0,0.0,0.0,0.0,0.0,0.0,0.0,0.0,0.0,0.0,0.0,0.0,0.0,0.0,0.0,0.0,0.0
ADCs Power,113.12320916905445,122.7039627039627,124.38563327032138,119.09502262443438,154.14348462664717,185.87570621468925,119.09502262443438,154.14348462664717,185.87570621468925,119.3199848885531,155.56704839305502,189.21639108554996,119.3199848885531,155.56704839305502,189.21639108554996,119.37635831049796,155.92705729889846,190.07040982126736,56.561604584527224,61.35198135198135,62.19281663516069,226.24641833810887,245.4079254079254,248.7712665406427,452.4928366762178,490.81585081585075,497.5425330812854,904.9856733524356,981.6317016317015,995.0850661625708,1809.9713467048712,1963.263403263403,1990.1701323251416,3619.9426934097423,3926.526806526806,3980.340264650283,113.12320916905445,122.7039627039627,124.38563327032135,113.12320916905445,122.7039627039627,124.38563327032138,113.12320916905445,122.7039627039627,124.38563327032135,113.12320916905445,122.7039627039627,124.38563327032135,113.12320916905445,122.7039627039627,124.38563327032135,113.12320916905445,122.7039627039627,124.38563327032135,113.12320916905445,122.7039627039627,124.38563327032138,113.12320916905445,122.7039627039627,124.38563327032138,113.12320916905445,122.7039627039627,124.38563327032138,113.12320916905445,122.7039627039627,124.38563327032138,113.12320916905445,122.7039627039627,124.38563327032138,113.12320916905445,122.7039627039627,124.38563327032138,113.12320916905445,122.7039627039627,124.38563327032138,113.12320916905445,122.7039627039627,124.38563327032138,113.12320916905445,122.7039627039627,124.38563327032138,113.12320916905445,122.7039627039627,124.38563327032138,113.12320916905445,122.7039627039627,124.38563327032138,113.12320916905445,122.7039627039627,124.38563327032138
PS Power,9.049856733524356,36.81118881118882,59.70510396975427,9.527601809954751,46.24304538799415,89.22033898305085,9.527601809954751,46.24304538799415,89.22033898305085,9.545598791084249,46.67011451791652,90.82386772106399,9.545598791084249,46.67011451791652,90.82386772106399,9.550108664839838,46.778117189669544,91.23379671420835,6.7873925501432675,27.608391608391614,44.7788279773157,13.574785100286533,55.21678321678323,89.55765595463139,22.62464183381089,92.02797202797203,149.26275992438565,40.7243553008596,165.65034965034965,268.67296786389414,76.92378223495703,312.8951048951049,507.4933837429112,149.3226361031519,607.3846153846154,985.1342155009452,6.7873925501432675,27.608391608391614,44.77882797731569,13.574785100286535,55.21678321678323,89.5576559546314,22.62464183381089,92.02797202797204,149.26275992438565,40.7243553008596,165.65034965034968,268.67296786389414,76.92378223495703,312.89510489510496,507.4933837429112,149.3226361031519,607.3846153846155,985.1342155009452,9.049856733524356,36.81118881118882,59.70510396975427,9.049856733524356,36.81118881118882,59.70510396975427,9.049856733524356,36.81118881118882,59.70510396975427,9.049856733524356,36.81118881118882,59.70510396975427,9.049856733524356,36.81118881118882,59.70510396975427,9.049856733524356,36.81118881118882,59.70510396975427,9.049856733524356,36.81118881118882,59.70510396975427,9.049856733524356,36.81118881118882,59.70510396975427,9.049856733524356,36.81118881118882,59.70510396975427,9.049856733524356,36.81118881118882,59.70510396975427,9.049856733524356,36.81118881118882,59.70510396975427,9.049856733524356,36.81118881118882,59.70510396975427
ODAC Drivers Power,113.12320916905445,122.7039627039627,124.38563327032138,119.09502262443438,154.14348462664717,185.87570621468925,119.09502262443438,154.14348462664717,185.87570621468925,119.3199848885531,155.56704839305502,189.21639108554996,119.3199848885531,155.56704839305502,189.21639108554996,119.37635831049796,155.92705729889846,190.07040982126736,56.561604584527224,61.35198135198135,62.19281663516069,226.24641833810887,245.4079254079254,248.7712665406427,452.4928366762178,490.81585081585075,497.5425330812854,904.9856733524356,981.6317016317015,995.0850661625708,1809.9713467048712,1963.263403263403,1990.1701323251416,3619.9426934097423,3926.526806526806,3980.340264650283,113.12320916905445,122.7039627039627,124.38563327032135,113.12320916905445,122.7039627039627,124.38563327032138,113.12320916905445,122.7039627039627,124.38563327032135,113.12320916905445,122.7039627039627,124.38563327032135,113.12320916905445,122.7039627039627,124.38563327032135,113.12320916905445,122.7039627039627,124.38563327032135,113.12320916905445,122.7039627039627,124.38563327032138,113.12320916905445,122.7039627039627,124.38563327032138,113.12320916905445,122.7039627039627,124.38563327032138,113.12320916905445,122.7039627039627,124.38563327032138,113.12320916905445,122.7039627039627,124.38563327032138,113.12320916905445,122.7039627039627,124.38563327032138,113.12320916905445,122.7039627039627,124.38563327032138,113.12320916905445,122.7039627039627,124.38563327032138,113.12320916905445,122.7039627039627,124.38563327032138,113.12320916905445,122.7039627039627,124.38563327032138,113.12320916905445,122.7039627039627,124.38563327032138,113.12320916905445,122.7039627039627,124.38563327032138
PCM Heaters Power,3.667621776504298,14.918414918414918,24.196597353497165,0.48265460030165913,2.342606149341142,4.519774011299435,0.48265460030165913,2.342606149341142,4.519774011299435,0.36267472610502466,1.7731806427779833,3.4507548526240117,0.36267472610502466,1.7731806427779833,3.4507548526240117,0.33260890106775026,1.6291770804406183,3.1774688571944396,1.833810888252149,7.459207459207459,12.098298676748582,7.335243553008596,29.836829836829843,48.39319470699433,14.670487106017193,59.67365967365968,96.78638941398867,29.340974212034386,119.34731934731936,193.57277882797734,58.68194842406877,238.6946386946387,387.1455576559547,117.36389684813754,477.3892773892774,774.2911153119094,1.833810888252149,7.459207459207459,12.09829867674858,7.335243553008596,29.836829836829835,48.39319470699433,14.670487106017195,59.67365967365968,96.78638941398866,29.34097421203439,119.34731934731936,193.57277882797732,58.68194842406878,238.6946386946387,387.14555765595463,117.36389684813756,477.38927738927754,774.2911153119094,3.667621776504298,14.918414918414918,24.196597353497165,3.667621776504298,14.918414918414918,24.196597353497165,3.667621776504298,14.918414918414918,24.196597353497165,3.667621776504298,14.918414918414918,24.196597353497165,3.667621776504298,14.918414918414918,24.196597353497165,3.667621776504298,14.918414918414918,24.196597353497165,3.667621776504298,14.918414918414918,24.196597353497165,3.667621776504298,14.918414918414918,24.196597353497165,3.667621776504298,14.918414918414918,24.196597353497165,3.667621776504298,14.918414918414918,24.196597353497165,3.667621776504298,14.918414918414918,24.196597353497165,3.667621776504298,14.918414918414918,24.196597353497165
MRM Heaters Power,10.859828080229226,8.834685314685315,7.164612476370511,11.4331221719457,11.098330893118595,10.7064406779661,11.4331221719457,11.098330893118595,10.7064406779661,11.454718549301097,11.200827484299962,10.898864126527677,11.454718549301097,11.200827484299962,10.898864126527677,11.460130397807804,11.226748125520688,10.948055605705001,8.144871060171921,6.626013986013986,5.373459357277883,16.28974212034384,13.252027972027973,10.746918714555765,27.149570200573063,22.08671328671328,17.911531190926272,48.869226361031515,39.75608391608391,32.24075614366729,92.30853868194842,75.09482517482516,60.899206049149335,179.18716332378222,145.77230769230766,118.2161058601134,8.144871060171921,6.626013986013986,5.373459357277882,16.289742120343842,13.252027972027973,10.746918714555767,27.149570200573063,22.086713286713284,17.911531190926272,48.869226361031515,39.75608391608392,32.24075614366729,92.30853868194842,75.09482517482517,60.899206049149335,179.18716332378222,145.7723076923077,118.2161058601134,10.859828080229226,8.834685314685315,7.164612476370511,10.859828080229226,8.834685314685315,7.164612476370511,10.859828080229226,8.834685314685315,7.164612476370511,10.859828080229226,8.834685314685315,7.164612476370511,10.859828080229226,8.834685314685315,7.164612476370511,10.859828080229226,8.834685314685315,7.164612476370511,10.859828080229226,8.834685314685315,7.164612476370511,10.859828080229226,8.834685314685315,7.164612476370511,10.859828080229226,8.834685314685315,7.164612476370511,10.859828080229226,8.834685314685315,7.164612476370511,10.859828080229226,8.834685314685315,7.164612476370511,10.859828080229226,8.834685314685315,7.164612476370511
SRAM Program Power,0.010940349049231572,0.04450095359186268,0.07217735006014779,0.001439736733854381,0.0069878876613869295,0.013482280431432975,0.001439736733854381,0.0069878876613869295,0.013482280431432975,0.0010818422227564656,0.005289317258286597,0.010293444872884125,0.0010818422227564656,0.005289317258286597,0.010293444872884125,0.0009921572332986868,0.0048597611774507075,0.009478245170608413,0.005470174524615786,0.02225047679593134,0.036088675030073895,0.018233915082052618,0.07416825598643782,0.12029558343357966,0.02735087262307893,0.11125238397965671,0.1804433751503695,0.05470174524615786,0.22250476795931343,0.360886750300739,0.05470174524615786,0.22250476795931343,0.360886750300739,0.05470174524615786,0.22250476795931343,0.360886750300739,0.005495152490481612,0.022352077146597697,0.03625346350053085,0.021880698098463144,0.08900190718372536,0.14435470012029558,0.04297994269340975,0.17482517482517484,0.2835538752362949,0.0859598853868195,0.3496503496503497,0.5671077504725898,0.171919770773639,0.6993006993006994,1.1342155009451795,0.3008595988538682,1.223776223776224,1.9848771266540641,0.010940349049231572,0.04450095359186268,0.07217735006014779,0.010940349049231572,0.04450095359186268,0.07217735006014779,0.010940349049231572,0.04450095359186268,0.07217735006014779,0.010940349049231572,0.04450095359186268,0.07217735006014779,0.010940349049231572,0.04450095359186268,0.07217735006014779,0.010940349049231572,0.04450095359186268,0.07217735006014779,0.010940349049231572,0.04450095359186268,0.07217735006014779,0.010940349049231572,0.04450095359186268,0.07217735006014779,0.010940349049231572,0.04450095359186268,0.07217735006014779,0.010940349049231572,0.04450095359186268,0.07217735006014779,0.010940349049231572,0.04450095359186268,0.07217735006014779,0.010940349049231572,0.04450095359186268,0.07217735006014779
SRAM Compute Power,2.2701771294607975,9.234170375079467,14.977161024230972,2.390020567667627,11.600173033408762,22.381124807395995,2.390020567667627,11.600173033408762,22.381124807395995,2.394535151286191,11.707304295261444,22.783373635710085,2.394535151286191,11.707304295261444,22.783373635710085,2.3956664633674936,11.734397010931309,22.886205255297153,2.2598932013545197,9.192339478703115,14.90931431517443,2.2838890336025006,9.28994490358127,15.067623302973022,2.3010289137796303,9.359663064208517,15.180701151400584,2.3524485543110187,9.568817546090273,15.51993469668328,2.3524485543110187,9.568817546090273,15.51993469668328,2.3524485543110187,9.568817546090273,15.51993469668328,1.140271617537387,4.638167768304755,7.522774943677654,4.540354258921595,18.468340750158934,29.954322048461943,8.91855300859599,36.27709790209791,58.83884688090737,17.83710601719198,72.55419580419581,117.67769376181474,35.67421203438396,145.10839160839163,235.35538752362947,62.429871060171926,253.93968531468536,411.87192816635167,2.2701771294607975,9.234170375079467,14.977161024230972,2.2701771294607975,9.234170375079467,14.977161024230972,2.2701771294607975,9.234170375079467,14.977161024230972,2.2701771294607975,9.234170375079467,14.977161024230972,2.2701771294607975,9.234170375079467,14.977161024230972,2.2701771294607975,9.234170375079467,14.977161024230972,2.2701771294607975,9.234170375079467,14.977161024230972,2.2701771294607975,9.234170375079467,14.977161024230972,2.2701771294607975,9.234170375079467,14.977161024230972,2.2701771294607975,9.234170375079467,14.977161024230972,2.2701771294607975,9.234170375079467,14.977161024230972,2.2701771294607975,9.234170375079467,14.977161024230972
DRAM Program Power,0.8582234957020056,3.4909090909090903,5.662003780718336,0.11294117647058821,0.5481698389458272,1.0576271186440676,0.056470588235294106,0.2740849194729136,0.5288135593220338,0.02828862863619192,0.13830809013668266,0.26915887850467285,0.01414431431809596,0.06915404506834133,0.13457943925233642,0.007075498440895777,0.03465703971119133,0.0675934284166817,0.4291117478510028,1.7454545454545451,2.831001890359168,1.7164469914040112,6.9818181818181815,11.324007561436671,3.432893982808022,13.963636363636361,22.648015122873343,6.865787965616044,27.927272727272722,45.296030245746685,13.731575931232088,55.854545454545445,90.59206049149337,27.463151862464176,111.70909090909089,181.18412098298674,0.4291117478510028,1.7454545454545451,2.8310018903591674,1.7164469914040112,6.981818181818181,11.324007561436671,3.432893982808023,13.963636363636363,22.648015122873343,6.865787965616046,27.927272727272726,45.296030245746685,13.731575931232092,55.85454545454545,90.59206049149337,27.46315186246418,111.7090909090909,181.18412098298674,0.8582234957020056,3.4909090909090903,5.662003780718336,0.8582234957020056,3.4909090909090903,5.662003780718336,0.8582234957020056,3.4909090909090903,5.662003780718336,0.8582234957020056,3.4909090909090903,5.662003780718336,0.8582234957020056,3.4909090909090903,5.662003780718336,0.8582234957020056,3.4909090909090903,5.662003780718336,0.8582234957020056,3.4909090909090903,5.662003780718336,0.8582234957020056,3.4909090909090903,5.662003780718336,0.8582234957020056,3.4909090909090903,5.662003780718336,0.8582234957020056,3.4909090909090903,5.662003780718336,0.8582234957020056,3.4909090909090903,5.662003780718336,0.8582234957020056,3.4909090909090903,5.662003780718336
DRAM Compute Power,3.301600416775202,13.429586776859503,21.781825055851524,984.488983957219,4778.3030480500465,9219.155315870568,984.488983957219,4778.3030480500465,9219.155315870568,986.3486155853968,4822.432185915302,9384.84825828377,986.3486155853968,4822.432185915302,9384.84825828377,986.8146217346859,4833.592123400065,9427.206302417566,1.650800208387601,6.714793388429752,10.890912527925762,5.502667361292003,22.382644628099175,36.30304175975253,8.254001041938004,33.57396694214876,54.454562639628804,16.508002083876008,67.14793388429752,108.90912527925761,16.508002083876008,67.14793388429752,108.90912527925761,16.508002083876008,67.14793388429752,108.90912527925761,1.6583381088825215,6.745454545454544,10.940642722117198,6.603200833550404,26.859173553719007,43.56365011170305,12.97057306590258,52.7590909090909,85.57145557655953,25.94114613180516,105.5181818181818,171.14291115311906,51.88229226361032,211.0363636363636,342.2858223062381,90.79401146131805,369.31363636363636,599.0001890359167,3.301600416775202,13.429586776859503,21.781825055851524,3.301600416775202,13.429586776859503,21.781825055851524,3.301600416775202,13.429586776859503,21.781825055851524,3.301600416775202,13.429586776859503,21.781825055851524,3.301600416775202,13.429586776859503,21.781825055851524,3.301600416775202,13.429586776859503,21.781825055851524,3.301600416775202,13.429586776859503,21.781825055851524,3.301600416775202,13.429586776859503,21.781825055851524,3.301600416775202,13.429586776859503,21.781825055851524,3.301600416775202,13.429586776859503,21.781825055851524,3.301600416775202,13.429586776859503,21.781825055851524,3.301600416775202,13.429586776859503,21.781825055851524
Clocks Power,2.828080229226361,11.503496503496505,18.65784499054821,2.9773755656108594,14.450951683748173,27.88135593220339,2.9773755656108594,14.450951683748173,27.88135593220339,2.982999622213827,14.584410786848911,28.382458662832494,2.982999622213827,14.584410786848911,28.382458662832494,2.984408957762449,14.618161621771732,28.51056147319011,2.121060171919771,8.627622377622378,13.993383742911156,4.242120343839541,17.255244755244757,27.98676748582231,7.070200573065903,28.75874125874126,46.64461247637051,12.726361031518625,51.76573426573427,83.96030245746692,24.03868194842407,97.77972027972028,158.59168241965975,46.663323782234954,189.8076923076923,307.85444234404537,2.121060171919771,8.627622377622378,13.993383742911154,4.242120343839542,17.255244755244757,27.986767485822313,7.070200573065903,28.758741258741264,46.64461247637051,12.726361031518625,51.765734265734274,83.96030245746692,24.03868194842407,97.7797202797203,158.59168241965975,46.663323782234954,189.80769230769232,307.85444234404537,2.828080229226361,11.503496503496505,18.65784499054821,2.828080229226361,11.503496503496505,18.65784499054821,2.828080229226361,11.503496503496505,18.65784499054821,2.828080229226361,11.503496503496505,18.65784499054821,2.828080229226361,11.503496503496505,18.65784499054821,2.828080229226361,11.503496503496505,18.65784499054821,2.828080229226361,11.503496503496505,18.65784499054821,2.828080229226361,11.503496503496505,18.65784499054821,2.828080229226361,11.503496503496505,18.65784499054821,2.828080229226361,11.503496503496505,18.65784499054821,2.828080229226361,11.503496503496505,18.65784499054821,2.828080229226361,11.503496503496505,18.65784499054821
Rx AFE Power,16.968481375358166,13.804195804195805,11.194706994328923,17.864253393665155,17.341142020497806,16.72881355932203,17.864253393665155,17.341142020497806,16.72881355932203,17.897997733282963,17.50129294421869,17.029475197699497,17.897997733282963,17.50129294421869,17.029475197699497,17.906453746574694,17.541793946126077,17.106336883914064,8.484240687679083,6.9020979020979025,5.597353497164462,33.936962750716326,27.60839160839161,22.389413988657843,67.87392550143267,55.21678321678321,44.778827977315686,135.74785100286533,110.43356643356643,89.55765595463137,271.49570200573066,220.86713286713285,179.11531190926274,542.9914040114613,441.7342657342657,358.2306238185255,16.968481375358166,13.804195804195805,11.194706994328921,16.968481375358166,13.804195804195805,11.194706994328923,16.968481375358166,13.804195804195805,11.194706994328921,16.968481375358166,13.804195804195805,11.194706994328921,16.968481375358166,13.804195804195805,11.194706994328921,16.968481375358166,13.804195804195805,11.194706994328921,16.968481375358166,13.804195804195805,11.194706994328923,16.968481375358166,13.804195804195805,11.194706994328923,16.968481375358166,13.804195804195805,11.194706994328923,16.968481375358166,13.804195804195805,11.194706994328923,16.968481375358166,13.804195804195805,11.194706994328923,16.968481375358166,13.804195804195805,11.194706994328923,16.968481375358166,13.804195804195805,11.194706994328923,16.968481375358166,13.804195804195805,11.194706994328923,16.968481375358166,13.804195804195805,11.194706994328923,16.968481375358166,13.804195804195805,11.194706994328923,16.968481375358166,13.804195804195805,11.194706994328923,16.968481375358166,13.804195804195805,11.194706994328923
MRMs Area,0.0016,0.0016,0.0016,0.0016,0.0016,0.0016,0.0016,0.0016,0.0016,0.0016,0.0016,0.0016,0.0016,0.0016,0.0016,0.0016,0.0016,0.0016,0.0012000000000000001,0.0012000000000000001,0.0012000000000000001,0.0024000000000000002,0.0024000000000000002,0.0024000000000000002,0.004,0.004,0.004,0.007200000000000001,0.007200000000000001,0.007200000000000001,0.013600000000000001,0.013600000000000001,0.013600000000000001,0.0264,0.0264,0.0264,0.0012000000000000001,0.0012000000000000001,0.0012000000000000001,0.0024000000000000002,0.0024000000000000002,0.0024000000000000002,0.004,0.004,0.004,0.007200000000000001,0.007200000000000001,0.007200000000000001,0.013600000000000001,0.013600000000000001,0.013600000000000001,0.0264,0.0264,0.0264,0.0016,0.0016,0.0016,0.0016,0.0016,0.0016,0.0016,0.0016,0.0016,0.0016,0.0016,0.0016,0.0016,0.0016,0.0016,0.0016,0.0016,0.0016,0.0016,0.0016,0.0016,0.0016,0.0016,0.0016,0.0016,0.0016,0.0016,0.0016,0.0016,0.0016,0.0016,0.0016,0.0016,0.0016,0.0016,0.0016
Crossbar Array Area,0.0256,0.0256,0.0256,0.0256,0.0256,0.0256,0.0256,0.0256,0.0256,0.0256,0.0256,0.0256,0.0256,0.0256,0.0256,0.0256,0.0256,0.0256,0.0128,0.0128,0.0128,0.0512,0.0512,0.0512,0.1024,0.1024,0.1024,0.2048,0.2048,0.2048,0.4096,0.4096,0.4096,0.8192,0.8192,0.8192,0.0128,0.0128,0.0128,0.0512,0.0512,0.0512,0.1024,0.1024,0.1024,0.2048,0.2048,0.2048,0.4096,0.4096,0.4096,0.8192,0.8192,0.8192,0.0256,0.0256,0.0256,0.0256,0.0256,0.0256,0.0256,0.0256,0.0256,0.0256,0.0256,0.0256,0.0256,0.0256,0.0256,0.0256,0.0256,0.0256,0.0256,0.0256,0.0256,0.0256,0.0256,0.0256,0.0256,0.0256,0.0256,0.0256,0.0256,0.0256,0.0256,0.0256,0.0256,0.0256,0.0256,0.0256
Tx Power Splitters Area,0.00021,0.00021,0.00021,0.00021,0.00021,0.00021,0.00021,0.00021,0.00021,0.00021,0.00021,0.00021,0.00021,0.00021,0.00021,0.00021,0.00021,0.00021,0.00021,0.00021,0.00021,0.00021,0.00021,0.00021,0.00021,0.00021,0.00021,0.00021,0.00021,0.00021,0.00021,0.00021,0.00021,0.00021,0.00021,0.00021,9e-05,9e-05,9e-05,0.00045,0.00045,0.00045,0.00093,0.00093,0.00093,0.00189,0.00189,0.00189,0.00381,0.00381,0.00381,0.0076500000000000005,0.0076500000000000005,0.0076500000000000005,0.00021,0.00021,0.00021,0.00021,0.00021,0.00021,0.00021,0.00021,0.00021,0.00021,0.00021,0.00021,0.00021,0.00021,0.00021,0.00021,0.00021,0.00021,0.00021,0.00021,0.00021,0.00021,0.00021,0.00021,0.00021,0.00021,0.00021,0.00021,0.00021,0.00021,0.00021,0.00021,0.00021,0.00021,0.00021,0.00021
Grating Coupler Area,0.0009,0.0009,0.0009,0.0009,0.0009,0.0009,0.0009,0.0009,0.0009,0.0009,0.0009,0.0009,0.0009,0.0009,0.0009,0.0009,0.0009,0.0009,0.0009,0.0009,0.0009,0.0009,0.0009,0.0009,0.0009,0.0009,0.0009,0.0009,0.0009,0.0009,0.0009,0.0009,0.0009,0.0009,0.0009,0.0009,0.0009,0.0009,0.0009,0.0009,0.0009,0.0009,0.0009,0.0009,0.0009,0.0009,0.0009,0.0009,0.0009,0.0009,0.0009,0.0009,0.0009,0.0009,0.0009,0.0009,0.0009,0.0009,0.0009,0.0009,0.0009,0.0009,0.0009,0.0009,0.0009,0.0009,0.0009,0.0009,0.0009,0.0009,0.0009,0.0009,0.0009,0.0009,0.0009,0.0009,0.0009,0.0009,0.0009,0.0009,0.0009,0.0009,0.0009,0.0009,0.0009,0.0009,0.0009,0.0009,0.0009,0.0009
Photonic Power Single PD,0.2,0.2,0.2,0.2,0.2,0.2,0.2,0.2,0.2,0.2,0.2,0.2,0.2,0.2,0.2,0.2,0.2,0.2,0.2,0.2,0.2,0.2,0.2,0.2,0.2,0.2,0.2,0.2,0.2,0.2,0.2,0.2,0.2,0.2,0.2,0.2,0.2,0.2,0.2,0.2,0.2,0.2,0.2,0.2,0.2,0.2,0.2,0.2,0.2,0.2,0.2,0.2,0.2,0.2,0.2,0.2,0.2,0.2,0.2,0.2,0.2,0.2,0.2,0.2,0.2,0.2,0.2,0.2,0.2,0.2,0.2,0.2,0.2,0.2,0.2,0.2,0.2,0.2,0.2,0.2,0.2,0.2,0.2,0.2,0.2,0.2,0.2,0.2,0.2,0.2
PCM OMA,-0.13,-0.13,-0.13,-0.13,-0.13,-0.13,-0.13,-0.13,-0.13,-0.13,-0.13,-0.13,-0.13,-0.13,-0.13,-0.13,-0.13,-0.13,-0.13,-0.13,-0.13,-0.13,-0.13,-0.13,-0.13,-0.13,-0.13,-0.13,-0.13,-0.13,-0.13,-0.13,-0.13,-0.13,-0.13,-0.13,-0.13,-0.13,-0.13,-0.13,-0.13,-0.13,-0.13,-0.13,-0.13,-0.13,-0.13,-0.13,-0.13,-0.13,-0.13,-0.13,-0.13,-0.13,-0.13,-0.13,-0.13,-0.13,-0.13,-0.13,-0.13,-0.13,-0.13,-0.13,-0.13,-0.13,-0.13,-0.13,-0.13,-0.13,-0.13,-0.13,-0.13,-0.13,-0.13,-0.13,-0.13,-0.13,-0.13,-0.13,-0.13,-0.13,-0.13,-0.13,-0.13,-0.13,-0.13,-0.13,-0.13,-0.13
MRM Tx OMA,-4.0,-4.0,-4.0,-4.0,-4.0,-4.0,-4.0,-4.0,-4.0,-4.0,-4.0,-4.0,-4.0,-4.0,-4.0,-4.0,-4.0,-4.0,-4.0,-4.0,-4.0,-4.0,-4.0,-4.0,-4.0,-4.0,-4.0,-4.0,-4.0,-4.0,-4.0,-4.0,-4.0,-4.0,-4.0,-4.0,-4.0,-4.0,-4.0,-4.0,-4.0,-4.0,-4.0,-4.0,-4.0,-4.0,-4.0,-4.0,-4.0,-4.0,-4.0,-4.0,-4.0,-4.0,-4.0,-4.0,-4.0,-4.0,-4.0,-4.0,-4.0,-4.0,-4.0,-4.0,-4.0,-4.0,-4.0,-4.0,-4.0,-4.0,-4.0,-4.0,-4.0,-4.0,-4.0,-4.0,-4.0,-4.0,-4.0,-4.0,-4.0,-4.0,-4.0,-4.0,-4.0,-4.0,-4.0,-4.0,-4.0,-4.0
Power Loss Crossbar Junctions,-0.4,-0.4,-0.4,-0.4,-0.4,-0.4,-0.4,-0.4,-0.4,-0.4,-0.4,-0.4,-0.4,-0.4,-0.4,-0.4,-0.4,-0.4,-0.30000000000000004,-0.30000000000000004,-0.30000000000000004,-0.6000000000000001,-0.6000000000000001,-0.6000000000000001,-1.0,-1.0,-1.0,-1.8,-1.8,-1.8,-3.4000000000000004,-3.4000000000000004,-3.4000000000000004,-6.6000000000000005,-6.6000000000000005,-6.6000000000000005,-0.30000000000000004,-0.30000000000000004,-0.30000000000000004,-0.6000000000000001,-0.6000000000000001,-0.6000000000000001,-1.0,-1.0,-1.0,-1.8,-1.8,-1.8,-3.4000000000000004,-3.4000000000000004,-3.4000000000000004,-6.6000000000000005,-6.6000000000000005,-6.6000000000000005,-0.4,-0.4,-0.4,-0.4,-0.4,-0.4,-0.4,-0.4,-0.4,-0.4,-0.4,-0.4,-0.4,-0.4,-0.4,-0.4,-0.4,-0.4,-0.4,-0.4,-0.4,-0.4,-0.4,-0.4,-0.4,-0.4,-0.4,-0.4,-0.4,-0.4,-0.4,-0.4,-0.4,-0.4,-0.4,-0.4
Power Loss Crossbar Waveguides,-0.048,-0.048,-0.048,-0.048,-0.048,-0.048,-0.048,-0.048,-0.048,-0.048,-0.048,-0.048,-0.048,-0.048,-0.048,-0.048,-0.048,-0.048,-0.036,-0.036,-0.036,-0.072,-0.072,-0.072,-0.12,-0.12,-0.12,-0.216,-0.216,-0.216,-0.40800000000000003,-0.40800000000000003,-0.40800000000000003,-0.792,-0.792,-0.792,-0.036,-0.036,-0.036,-0.072,-0.072,-0.072,-0.12,-0.12,-0.12,-0.216,-0.216,-0.216,-0.40800000000000003,-0.40800000000000003,-0.40800000000000003,-0.792,-0.792,-0.792,-0.048,-0.048,-0.048,-0.048,-0.048,-0.048,-0.048,-0.048,-0.048,-0.048,-0.048,-0.048,-0.048,-0.048,-0.048,-0.048,-0.048,-0.048,-0.048,-0.048,-0.048,-0.048,-0.048,-0.048,-0.048,-0.048,-0.048,-0.048,-0.048,-0.048,-0.048,-0.048,-0.048,-0.048,-0.048,-0.048
Power Loss Splitting Tree,-0.8,-0.8,-0.8,-0.8,-0.8,-0.8,-0.8,-0.8,-0.8,-0.8,-0.8,-0.8,-0.8,-0.8,-0.8,-0.8,-0.8,-0.8,-0.8,-0.8,-0.8,-0.8,-0.8,-0.8,-0.8,-0.8,-0.8,-0.8,-0.8,-0.8,-0.8,-0.8,-0.8,-0.8,-0.8,-0.8,-0.4,-0.4,-0.4,-1.6,-1.6,-1.6,-3.2,-3.2,-3.2,-6.4,-6.4,-6.4,-12.8,-12.8,-12.8,-25.6,-25.6,-25.6,-0.8,-0.8,-0.8,-0.8,-0.8,-0.8,-0.8,-0.8,-0.8,-0.8,-0.8,-0.8,-0.8,-0.8,-0.8,-0.8,-0.8,-0.8,-0.8,-0.8,-0.8,-0.8,-0.8,-0.8,-0.8,-0.8,-0.8,-0.8,-0.8,-0.8,-0.8,-0.8,-0.8,-0.8,-0.8,-0.8
Power Loss Tx Waveguides,-0.15079644737231007,-0.15079644737231007,-0.15079644737231007,-0.15079644737231007,-0.15079644737231007,-0.15079644737231007,-0.15079644737231007,-0.15079644737231007,-0.15079644737231007,-0.15079644737231007,-0.15079644737231007,-0.15079644737231007,-0.15079644737231007,-0.15079644737231007,-0.15079644737231007,-0.15079644737231007,-0.15079644737231007,-0.15079644737231007,-0.11309733552923255,-0.11309733552923255,-0.11309733552923255,-0.2261946710584651,-0.2261946710584651,-0.2261946710584651,-0.37699111843077515,-0.37699111843077515,-0.37699111843077515,-0.6785840131753953,-0.6785840131753953,-0.6785840131753953,-1.2817698026646358,-1.2817698026646358,-1.2817698026646358,-2.4881413816431164,-2.4881413816431164,-2.4881413816431164,-0.11309733552923255,-0.11309733552923255,-0.11309733552923255,-0.2261946710584651,-0.2261946710584651,-0.2261946710584651,-0.37699111843077515,-0.37699111843077515,-0.37699111843077515,-0.6785840131753953,-0.6785840131753953,-0.6785840131753953,-1.2817698026646358,-1.2817698026646358,-1.2817698026646358,-2.4881413816431164,-2.4881413816431164,-2.4881413816431164,-0.15079644737231007,-0.15079644737231007,-0.15079644737231007,-0.15079644737231007,-0.15079644737231007,-0.15079644737231007,-0.15079644737231007,-0.15079644737231007,-0.15079644737231007,-0.15079644737231007,-0.15079644737231007,-0.15079644737231007,-0.15079644737231007,-0.15079644737231007,-0.15079644737231007,-0.15079644737231007,-0.15079644737231007,-0.15079644737231007,-0.15079644737231007,-0.15079644737231007,-0.15079644737231007,-0.15079644737231007,-0.15079644737231007,-0.15079644737231007,-0.15079644737231007,-0.15079644737231007,-0.15079644737231007,-0.15079644737231007,-0.15079644737231007,-0.15079644737231007,-0.15079644737231007,-0.15079644737231007,-0.15079644737231007,-0.15079644737231007,-0.15079644737231007,-0.15079644737231007
Power Loss Grating Coupler,-2.0,-2.0,-2.0,-2.0,-2.0,-2.0,-2.0,-2.0,-2.0,-2.0,-2.0,-2.0,-2.0,-2.0,-2.0,-2.0,-2.0,-2.0,-2.0,-2.0,-2.0,-2.0,-2.0,-2.0,-2.0,-2.0,-2.0,-2.0,-2.0,-2.0,-2.0,-2.0,-2.0,-2.0,-2.0,-2.0,-2.0,-2.0,-2.0,-2.0,-2.0,-2.0,-2.0,-2.0,-2.0,-2.0,-2.0,-2.0,-2.0,-2.0,-2.0,-2.0,-2.0,-2.0,-2.0,-2.0,-2.0,-2.0,-2.0,-2.0,-2.0,-2.0,-2.0,-2.0,-2.0,-2.0,-2.0,-2.0,-2.0,-2.0,-2.0,-2.0,-2.0,-2.0,-2.0,-2.0,-2.0,-2.0,-2.0,-2.0,-2.0,-2.0,-2.0,-2.0,-2.0,-2.0,-2.0,-2.0,-2.0,-2.0
Power Loss Waveguide Power Combining,-9.030899869919436,-9.030899869919436,-9.030899869919436,-9.030899869919436,-9.030899869919436,-9.030899869919436,-9.030899869919436,-9.030899869919436,-9.030899869919436,-9.030899869919436,-9.030899869919436,-9.030899869919436,-9.030899869919436,-9.030899869919436,-9.030899869919436,-9.030899869919436,-9.030899869919436,-9.030899869919436,-9.030899869919436,-9.030899869919436,-9.030899869919436,-9.030899869919436,-9.030899869919436,-9.030899869919436,-9.030899869919436,-9.030899869919436,-9.030899869919436,-9.030899869919436,-9.030899869919436,-9.030899869919436,-9.030899869919436,-9.030899869919436,-9.030899869919436,-9.030899869919436,-9.030899869919436,-9.030899869919436,-6.020599913279624,-6.020599913279624,-6.020599913279624,-12.041199826559248,-12.041199826559248,-12.041199826559248,-15.051499783199061,-15.051499783199061,-15.051499783199061,-18.06179973983887,-18.06179973983887,-18.06179973983887,-21.072099696478684,-21.072099696478684,-21.072099696478684,-24.082399653118497,-24.082399653118497,-24.082399653118497,-9.030899869919436,-9.030899869919436,-9.030899869919436,-9.030899869919436,-9.030899869919436,-9.030899869919436,-9.030899869919436,-9.030899869919436,-9.030899869919436,-9.030899869919436,-9.030899869919436,-9.030899869919436,-9.030899869919436,-9.030899869919436,-9.030899869919436,-9.030899869919436,-9.030899869919436,-9.030899869919436,-9.030899869919436,-9.030899869919436,-9.030899869919436,-9.030899869919436,-9.030899869919436,-9.030899869919436,-9.030899869919436,-9.030899869919436,-9.030899869919436,-9.030899869919436,-9.030899869919436,-9.030899869919436,-9.030899869919436,-9.030899869919436,-9.030899869919436,-9.030899869919436,-9.030899869919436,-9.030899869919436
PCM OMA Actual Loss,10.684024460467798,10.684024460467798,10.684024460467798,10.684024460467798,10.684024460467798,10.684024460467798,10.684024460467798,10.684024460467798,10.684024460467798,10.684024460467798,10.684024460467798,10.684024460467798,10.684024460467798,10.684024460467798,10.684024460467798,10.684024460467798,10.684024460467798,10.684024460467798,5.161013163821467,5.161013163821467,5.161013163821467,22.893104551443418,22.893104551443418,22.893104551443418,52.55503529367742,52.55503529367742,52.55503529367742,138.4852812038278,138.4852812038278,138.4852812038278,480.78641942140615,480.78641942140615,480.78641942140615,2897.4726510269807,2897.4726510269807,2897.4726510269807,4.706899947463715,4.706899947463715,4.706899947463715,27.52356540017842,27.52356540017842,27.52356540017842,91.33018388830526,91.33018388830526,91.33018388830526,502.8096651377624,502.8096651377624,502.8096651377624,7619.951231687407,7619.951231687407,7619.951231687407,875022.7517286784,875022.7517286784,875022.7517286784,10.684024460467798,10.684024460467798,10.684024460467798,10.684024460467798,10.684024460467798,10.684024460467798,10.684024460467798,10.684024460467798,10.684024460467798,10.684024460467798,10.684024460467798,10.684024460467798,10.684024460467798,10.684024460467798,10.684024460467798,10.684024460467798,10.684024460467798,10.684024460467798,10.684024460467798,10.684024460467798,10.684024460467798,10.684024460467798,10.684024460467798,10.684024460467798,10.684024460467798,10.684024460467798,10.684024460467798,10.684024460467798,10.684024460467798,10.684024460467798,10.684024460467798,10.684024460467798,10.684024460467798,10.684024460467798,10.684024460467798,10.684024460467798
MRM Tx OMA Actual Loss,218.061396062813,218.061396062813,218.061396062813,218.061396062813,218.061396062813,218.061396062813,218.061396062813,218.061396062813,218.061396062813,218.061396062813,218.061396062813,218.061396062813,218.061396062813,218.061396062813,218.061396062813,218.061396062813,218.061396062813,218.061396062813,105.33649934681901,105.33649934681901,105.33649934681901,467.2492427522121,467.2492427522121,467.2492427522121,1072.6505174781232,1072.6505174781232,1072.6505174781232,2826.4905106868036,2826.4905106868036,2826.4905106868036,9812.871377728252,9812.871377728252,9812.871377728252,59137.54069682266,59137.54069682266,59137.54069682266,96.06802918410564,96.06802918410564,96.06802918410564,561.7571466629022,561.7571466629022,561.7571466629022,1864.0529582319277,1864.0529582319277,1864.0529582319277,10262.366764463142,10262.366764463142,10262.366764463142,155523.5304505802,155523.5304505802,155523.5304505802,17859251.776771516,17859251.776771516,17859251.776771516,218.061396062813,218.061396062813,218.061396062813,218.061396062813,218.061396062813,218.061396062813,218.061396062813,218.061396062813,218.061396062813,218.061396062813,218.061396062813,218.061396062813,218.061396062813,218.061396062813,218.061396062813,218.061396062813,218.061396062813,218.061396062813,218.061396062813,218.061396062813,218.061396062813,218.061396062813,218.061396062813,218.061396062813,218.061396062813,218.061396062813,218.061396062813,218.061396062813,218.061396062813,218.061396062813,218.061396062813,218.061396062813,218.061396062813,218.061396062813,218.061396062813,218.061396062813
Crossbar Junctions Actual Loss,31.877833178524043,31.877833178524043,31.877833178524043,31.877833178524043,31.877833178524043,31.877833178524043,31.877833178524043,31.877833178524043,31.877833178524043,31.877833178524043,31.877833178524043,31.877833178524043,31.877833178524043,31.877833178524043,31.877833178524043,31.877833178524043,31.877833178524043,31.877833178524043,11.68108001380608,11.68108001380608,11.68108001380608,100.17093065542849,100.17093065542849,100.17093065542849,366.533566542924,366.533566542924,366.533566542924,1593.384573633021,1593.384573633021,1593.384573633021,8851.28299278458,8851.28299278458,8851.28299278458,76757.28008286998,76757.28008286998,76757.28008286998,10.653271587974823,10.653271587974823,10.653271587974823,120.43194730954872,120.43194730954872,120.43194730954872,636.9623357027573,636.9623357027573,636.9623357027573,5785.229714953642,5785.229714953642,5785.229714953642,140283.38159811118,140283.38159811118,140283.38159811118,23180328.00396443,23180328.00396443,23180328.00396443,31.877833178524043,31.877833178524043,31.877833178524043,31.877833178524043,31.877833178524043,31.877833178524043,31.877833178524043,31.877833178524043,31.877833178524043,31.877833178524043,31.877833178524043,31.877833178524043,31.877833178524043,31.877833178524043,31.877833178524043,31.877833178524043,31.877833178524043,31.877833178524043,31.877833178524043,31.877833178524043,31.877833178524043,31.877833178524043,31.877833178524043,31.877833178524043,31.877833178524043,31.877833178524043,31.877833178524043,31.877833178524043,31.877833178524043,31.877833178524043,31.877833178524043,31.877833178524043,31.877833178524043,31.877833178524043,31.877833178524043,31.877833178524043
Crossbar Waveguides Actual Loss,3.9821604550626124,3.9821604550626124,3.9821604550626124,3.9821604550626124,3.9821604550626124,3.9821604550626124,3.9821604550626124,3.9821604550626124,3.9821604550626124,3.9821604550626124,3.9821604550626124,3.9821604550626124,3.9821604550626124,3.9821604550626124,3.9821604550626124,3.9821604550626124,3.9821604550626124,3.9821604550626124,1.4447048965076565,1.4447048965076565,1.4447048965076565,12.763876559874108,12.763876559874108,12.763876559874108,48.5679561014809,48.5679561014809,48.5679561014809,227.84660587064658,227.84660587064658,227.84660587064658,1461.8825572315577,1461.8825572315577,1461.8825572315577,16378.970386591995,16378.970386591995,16378.970386591995,1.3175865252855405,1.3175865252855405,1.3175865252855405,15.34555483578348,15.34555483578348,15.34555483578348,84.40143436381675,84.40143436381675,84.40143436381675,827.2610244548424,827.2610244548424,827.2610244548424,23169.27713133941,23169.27713133941,23169.27713133941,4946369.979740253,4946369.979740253,4946369.979740253,3.9821604550626124,3.9821604550626124,3.9821604550626124,3.9821604550626124,3.9821604550626124,3.9821604550626124,3.9821604550626124,3.9821604550626124,3.9821604550626124,3.9821604550626124,3.9821604550626124,3.9821604550626124,3.9821604550626124,3.9821604550626124,3.9821604550626124,3.9821604550626124,3.9821604550626124,3.9821604550626124,3.9821604550626124,3.9821604550626124,3.9821604550626124,3.9821604550626124,3.9821604550626124,3.9821604550626124,3.9821604550626124,3.9821604550626124,3.9821604550626124,3.9821604550626124,3.9821604550626124,3.9821604550626124,3.9821604550626124,3.9821604550626124,3.9821604550626124,3.9821604550626124,3.9821604550626124,3.9821604550626124
Splitting Tree Actual Loss,60.950762572517455,60.950762572517455,60.950762572517455,60.950762572517455,60.950762572517455,60.950762572517455,60.950762572517455,60.950762572517455,60.950762572517455,60.950762572517455,60.950762572517455,60.950762572517455,60.950762572517455,60.950762572517455,60.950762572517455,60.950762572517455,60.950762572517455,60.950762572517455,29.442808666870654,29.442808666870654,29.442808666870654,130.60173956226146,130.60173956226146,130.60173956226146,299.81862078542576,299.81862078542576,299.81862078542576,790.0378294410274,790.0378294410274,790.0378294410274,2742.8146581538094,2742.8146581538094,2742.8146581538094,16529.64837983679,16529.64837983679,16529.64837983679,14.043937457129536,14.043937457129536,14.043937457129536,287.619566137134,287.619566137134,287.619566137134,1614.6746915606407,1614.6746915606407,1614.6746915606407,13144.1910773113,13144.1910773113,13144.1910773113,244830.1962387695,244830.1962387695,244830.1962387695,29590090.53037867,29590090.53037867,29590090.53037867,60.950762572517455,60.950762572517455,60.950762572517455,60.950762572517455,60.950762572517455,60.950762572517455,60.950762572517455,60.950762572517455,60.950762572517455,60.950762572517455,60.950762572517455,60.950762572517455,60.950762572517455,60.950762572517455,60.950762572517455,60.950762572517455,60.950762572517455,60.950762572517455,60.950762572517455,60.950762572517455,60.950762572517455,60.950762572517455,60.950762572517455,60.950762572517455,60.950762572517455,60.950762572517455,60.950762572517455,60.950762572517455,60.950762572517455,60.950762572517455,60.950762572517455,60.950762572517455,60.950762572517455,60.950762572517455,60.950762572517455,60.950762572517455
Tx Waveguides Actual Loss,12.36369866018345,12.36369866018345,12.36369866018345,12.36369866018345,12.36369866018345,12.36369866018345,12.36369866018345,12.36369866018345,12.36369866018345,12.36369866018345,12.36369866018345,12.36369866018345,12.36369866018345,12.36369866018345,12.36369866018345,12.36369866018345,12.36369866018345,12.36369866018345,4.498680797349612,4.498680797349612,4.498680797349612,39.39733517154049,39.39733517154049,39.39733517154049,148.1742281810439,148.1742281810439,148.1742281810439,679.2977405683569,679.2977405683569,679.2977405683569,4166.671638888871,4166.671638888871,4166.671638888871,42850.03352437325,42850.03352437325,42850.03352437325,4.102845649985133,4.102845649985133,4.102845649985133,47.366014895444806,47.366014895444806,47.366014895444806,257.497296532317,257.497296532317,257.497296532317,2466.3810225528377,2466.3810225528377,2466.3810225528377,66037.29515695765,66037.29515695765,66037.29515695765,12940503.2461216,12940503.2461216,12940503.2461216,12.36369866018345,12.36369866018345,12.36369866018345,12.36369866018345,12.36369866018345,12.36369866018345,12.36369866018345,12.36369866018345,12.36369866018345,12.36369866018345,12.36369866018345,12.36369866018345,12.36369866018345,12.36369866018345,12.36369866018345,12.36369866018345,12.36369866018345,12.36369866018345,12.36369866018345,12.36369866018345,12.36369866018345,12.36369866018345,12.36369866018345,12.36369866018345,12.36369866018345,12.36369866018345,12.36369866018345,12.36369866018345,12.36369866018345,12.36369866018345,12.36369866018345,12.36369866018345,12.36369866018345,12.36369866018345,12.36369866018345,12.36369866018345
Grating Coupler Actual Loss,133.70147098010827,133.70147098010827,133.70147098010827,133.70147098010827,133.70147098010827,133.70147098010827,133.70147098010827,133.70147098010827,133.70147098010827,133.70147098010827,133.70147098010827,133.70147098010827,133.70147098010827,133.70147098010827,133.70147098010827,133.70147098010827,133.70147098010827,133.70147098010827,64.58568625557223,64.58568625557223,64.58568625557223,286.48771492005534,286.48771492005534,286.48771492005534,657.6815274221598,657.6815274221598,657.6815274221598,1733.0254039155402,1733.0254039155402,1733.0254039155402,6016.632753112091,6016.632753112091,6016.632753112091,36259.403654526934,36259.403654526934,36259.403654526934,58.902845932321874,58.902845932321874,58.902845932321874,344.4339906031946,344.4339906031946,344.4339906031946,1142.9195034073837,1142.9195034073837,1142.9195034073837,6292.2349252082295,6292.2349252082295,6292.2349252082295,95357.20291945926,95357.20291945926,95357.20291945926,10950164.844724055,10950164.844724055,10950164.844724055,133.70147098010827,133.70147098010827,133.70147098010827,133.70147098010827,133.70147098010827,133.70147098010827,133.70147098010827,133.70147098010827,133.70147098010827,133.70147098010827,133.70147098010827,133.70147098010827,133.70147098010827,133.70147098010827,133.70147098010827,133.70147098010827,133.70147098010827,133.70147098010827,133.70147098010827,133.70147098010827,133.70147098010827,133.70147098010827,133.70147098010827,133.70147098010827,133.70147098010827,133.70147098010827,133.70147098010827,133.70147098010827,133.70147098010827,133.70147098010827,133.70147098010827,133.70147098010827,133.70147098010827,133.70147098010827,133.70147098010827,133.70147098010827
Waveguide Power Combining Actual Loss,317.0061383359948,317.0061383359948,317.0061383359948,317.0061383359948,317.0061383359948,317.0061383359948,317.0061383359948,317.0061383359948,317.0061383359948,317.0061383359948,317.0061383359948,317.0061383359948,317.0061383359948,317.0061383359948,317.0061383359948,317.0061383359948,317.0061383359948,317.0061383359948,153.13263826921667,153.13263826921667,153.13263826921667,679.262266314346,679.262266314346,679.262266314346,1559.362658725243,1559.362658725243,1559.362658725243,4109.002592912221,4109.002592912221,4109.002592912221,14265.434036501312,14265.434036501312,14265.434036501312,85971.03267919732,85971.03267919732,85971.03267919732,119.70739368059417,119.70739368059417,119.70739368059417,874.9852120364561,874.9852120364561,874.9852120364561,3000.204047866436,3000.204047866436,3000.204047866436,16783.747520398545,16783.747520398545,16783.747520398545,256372.0571498356,256372.0571498356,256372.0571498356,29555907.96932672,29555907.96932672,29555907.96932672,317.0061383359948,317.0061383359948,317.0061383359948,317.0061383359948,317.0061383359948,317.0061383359948,317.0061383359948,317.0061383359948,317.0061383359948,317.0061383359948,317.0061383359948,317.0061383359948,317.0061383359948,317.0061383359948,317.0061383359948,317.0061383359948,317.0061383359948,317.0061383359948,317.0061383359948,317.0061383359948,317.0061383359948,317.0061383359948,317.0061383359948,317.0061383359948,317.0061383359948,317.0061383359948,317.0061383359948,317.0061383359948,317.0061383359948,317.0061383359948,317.0061383359948,317.0061383359948,317.0061383359948,317.0061383359948,317.0061383359948,317.0061383359948
Compute Portion,0.9426934097421203,0.7668997668997669,0.6219281663516069,0.9924585218702865,0.9633967789165447,0.9293785310734463,0.9924585218702865,0.9633967789165447,0.9293785310734463,0.9943332074046091,0.972294052456594,0.9460819554277498,0.9943332074046091,0.972294052456594,0.9460819554277498,0.9948029859208164,0.9745441081181153,0.9503520491063369,0.9426934097421203,0.7668997668997669,0.6219281663516069,0.9426934097421202,0.7668997668997669,0.6219281663516067,0.9426934097421203,0.7668997668997668,0.6219281663516067,0.9426934097421203,0.7668997668997668,0.6219281663516067,0.9426934097421203,0.7668997668997668,0.6219281663516067,0.9426934097421203,0.7668997668997668,0.6219281663516067,0.9426934097421203,0.7668997668997669,0.6219281663516067,0.9426934097421203,0.7668997668997669,0.6219281663516069,0.9426934097421203,0.7668997668997669,0.6219281663516067,0.9426934097421203,0.7668997668997669,0.6219281663516067,0.9426934097421203,0.7668997668997669,0.6219281663516067,0.9426934097421203,0.7668997668997669,0.6219281663516067,0.9426934097421203,0.7668997668997669,0.6219281663516069,0.9426934097421203,0.7668997668997669,0.6219281663516069,0.9426934097421203,0.7668997668997669,0.6219281663516069,0.9426934097421203,0.7668997668997669,0.6219281663516069,0.9426934097421203,0.7668997668997669,0.6219281663516069,0.9426934097421203,0.7668997668997669,0.6219281663516069,0.9426934097421203,0.7668997668997669,0.6219281663516069,0.9426934097421203,0.7668997668997669,0.6219281663516069,0.9426934097421203,0.7668997668997669,0.6219281663516069,0.9426934097421203,0.7668997668997669,0.6219281663516069,0.9426934097421203,0.7668997668997669,0.6219281663516069,0.9426934097421203,0.7668997668997669,0.6219281663516069
Program Portion,0.05730659025787966,0.2331002331002331,0.3780718336483932,0.007541478129713424,0.036603221083455345,0.07062146892655367,0.007541478129713424,0.036603221083455345,0.07062146892655367,0.00566679259539101,0.02770594754340599,0.05391804457225018,0.00566679259539101,0.02770594754340599,0.05391804457225018,0.005197014079183598,0.02545589188188466,0.04964795089366312,0.05730659025787966,0.2331002331002331,0.3780718336483932,0.05730659025787966,0.23310023310023315,0.3780718336483932,0.05730659025787966,0.23310023310023312,0.37807183364839325,0.05730659025787966,0.23310023310023312,0.37807183364839325,0.05730659025787966,0.23310023310023312,0.37807183364839325,0.05730659025787966,0.23310023310023312,0.37807183364839325,0.05730659025787966,0.2331002331002331,0.37807183364839314,0.05730659025787966,0.2331002331002331,0.3780718336483932,0.05730659025787967,0.23310023310023312,0.3780718336483932,0.05730659025787967,0.23310023310023312,0.3780718336483932,0.05730659025787967,0.23310023310023312,0.3780718336483932,0.05730659025787967,0.23310023310023317,0.37807183364839325,0.05730659025787966,0.2331002331002331,0.3780718336483932,0.05730659025787966,0.2331002331002331,0.3780718336483932,0.05730659025787966,0.2331002331002331,0.3780718336483932,0.05730659025787966,0.2331002331002331,0.3780718336483932,0.05730659025787966,0.2331002331002331,0.3780718336483932,0.05730659025787966,0.2331002331002331,0.3780718336483932,0.05730659025787966,0.2331002331002331,0.3780718336483932,0.05730659025787966,0.2331002331002331,0.3780718336483932,0.05730659025787966,0.2331002331002331,0.3780718336483932,0.05730659025787966,0.2331002331002331,0.3780718336483932,0.05730659025787966,0.2331002331002331,0.3780718336483932,0.05730659025787966,0.2331002331002331,0.3780718336483932
Total Time,0.00095975,0.00023595000000000002,0.000145475,0.007293,0.0015026,0.0007788000000000001,0.014586,0.0030052,0.0015576000000000001,0.029116999999999997,0.0059554000000000005,0.0030602000000000003,0.058233999999999994,0.011910800000000001,0.006120400000000001,0.11641299999999999,0.023766600000000002,0.0121858,0.0019195,0.00047190000000000003,0.00029095,0.00057585,0.00014157,8.7285e-05,0.0003839,9.438e-05,5.819e-05,0.00019195,4.719e-05,2.9095e-05,0.00019195,4.719e-05,2.9095e-05,0.00019195,4.719e-05,2.9095e-05,0.001910775,0.00046975500000000003,0.00028962750000000005,0.000479875,0.00011797500000000001,7.27375e-05,0.0002443,6.0060000000000004e-05,3.703e-05,0.00012215,3.0030000000000002e-05,1.8515e-05,6.1075e-05,1.5015000000000001e-05,9.2575e-06,3.49e-05,8.58e-06,5.29e-06,0.00095975,0.00023595000000000002,0.000145475,0.00095975,0.00023595000000000002,0.000145475,0.00095975,0.00023595000000000002,0.000145475,0.00095975,0.00023595000000000002,0.000145475,0.00095975,0.00023595000000000002,0.000145475,0.00095975,0.00023595000000000002,0.000145475,0.00095975,0.00023595000000000002,0.000145475,0.00095975,0.00023595000000000002,0.000145475,0.00095975,0.00023595000000000002,0.000145475,0.00095975,0.00023595000000000002,0.000145475,0.00095975,0.00023595000000000002,0.000145475,0.00095975,0.00023595000000000002,0.000145475
Total Electronics Area,0.44586840000000005,0.4858684000000001,0.5858684,0.44586840000000005,0.4858684000000001,0.5858684,0.44586840000000005,0.4858684000000001,0.5858684,0.44586840000000005,0.4858684000000001,0.5858684,0.44586840000000005,0.4858684000000001,0.5858684,0.44586840000000005,0.4858684000000001,0.5858684,0.3048684,0.3248684,0.3748684,0.7554684,0.8354684000000001,1.0354684,1.3470684,1.5070684,1.9070684,2.5302684,2.8502684,3.6502684,4.8966684,5.536668400000001,7.1366684000000005,9.6294684,10.909468400000002,14.1094684,0.4200684,0.46006840000000004,0.5600683999999999,0.5250684,0.5650684,0.6650684,0.6558683999999999,0.6958683999999999,0.7958684,0.9174684,0.9574684,1.0574683999999999,1.4406684,1.4806684,1.5806684,2.4870684,2.5270684,2.6270683999999997,0.5085219,0.5485219,0.6485219,0.5711753999999999,0.6111753999999999,0.7111753999999999,0.7278091499999999,0.7678091499999999,0.86780915,0.45960960000000006,0.4996096000000001,0.5996096,0.45502905000000005,0.4950290500000001,0.59502905,0.45044850000000003,0.49044850000000006,0.5904484999999999,0.5085219,0.5485219,0.6485219,0.5711753999999999,0.6111753999999999,0.7111753999999999,0.7278091499999999,0.7678091499999999,0.86780915,0.42040920000000004,0.4604092000000001,0.5604091999999999,0.4564092,0.49640920000000005,0.5964092,0.6364091999999999,0.6764091999999999,0.7764092
Total Photonics Area,0.028310000000000002,0.028310000000000002,0.028310000000000002,0.028310000000000002,0.028310000000000002,0.028310000000000002,0.028310000000000002,0.028310000000000002,0.028310000000000002,0.028310000000000002,0.028310000000000002,0.028310000000000002,0.028310000000000002,0.028310000000000002,0.028310000000000002,0.028310000000000002,0.028310000000000002,0.028310000000000002,0.01511,0.01511,0.01511,0.05471,0.05471,0.05471,0.10751000000000001,0.10751000000000001,0.10751000000000001,0.21311000000000002,0.21311000000000002,0.21311000000000002,0.42431,0.42431,0.42431,0.8467100000000001,0.8467100000000001,0.8467100000000001,0.01499,0.01499,0.01499,0.05495,0.05495,0.05495,0.10823,0.10823,0.10823,0.21479000000000004,0.21479000000000004,0.21479000000000004,0.42791,0.42791,0.42791,0.8541500000000001,0.8541500000000001,0.8541500000000001,0.028310000000000002,0.028310000000000002,0.028310000000000002,0.028310000000000002,0.028310000000000002,0.028310000000000002,0.028310000000000002,0.028310000000000002,0.028310000000000002,0.028310000000000002,0.028310000000000002,0.028310000000000002,0.028310000000000002,0.028310000000000002,0.028310000000000002,0.028310000000000002,0.028310000000000002,0.028310000000000002,0.028310000000000002,0.028310000000000002,0.028310000000000002,0.028310000000000002,0.028310000000000002,0.028310000000000002,0.028310000000000002,0.028310000000000002,0.028310000000000002,0.028310000000000002,0.028310000000000002,0.028310000000000002,0.028310000000000002,0.028310000000000002,0.028310000000000002,0.028310000000000002,0.028310000000000002,0.028310000000000002
Total Electronics Program Power,3.6785621255535297,14.96291587200678,24.268774703557312,0.4840943370355135,2.3495940370025292,4.5332562917308685,0.4840943370355135,2.3495940370025292,4.5332562917308685,0.36375656832778114,1.77846996003627,3.461048297496896,0.36375656832778114,1.77846996003627,3.461048297496896,0.33360105830104897,1.634036841618069,3.186947102365048,1.8392810627767648,7.48145793600339,12.134387351778656,7.353477468090649,29.910998092816282,48.51349029042791,14.697837978640273,59.78491205763933,96.96683278913905,29.395675957280545,119.56982411527866,193.9336655782781,58.73665016931493,238.91714346259803,387.5064444062554,117.4185985933837,477.61178215723675,774.6520020622102,1.8393060407426307,7.481559536354056,12.134552140249111,7.357124251107059,29.92583174401356,48.537549407114625,14.713467048710605,59.84848484848485,97.06994328922495,29.42693409742121,119.6969696969697,194.1398865784499,58.85386819484242,239.3939393939394,388.2797731568998,117.66475644699142,478.61305361305375,776.2759924385634,3.6785621255535297,14.96291587200678,24.268774703557312,3.6785621255535297,14.96291587200678,24.268774703557312,3.6785621255535297,14.96291587200678,24.268774703557312,3.6785621255535297,14.96291587200678,24.268774703557312,3.6785621255535297,14.96291587200678,24.268774703557312,3.6785621255535297,14.96291587200678,24.268774703557312,3.6785621255535297,14.96291587200678,24.268774703557312,3.6785621255535297,14.96291587200678,24.268774703557312,3.6785621255535297,14.96291587200678,24.268774703557312,3.6785621255535297,14.96291587200678,24.268774703557312,3.6785621255535297,14.96291587200678,24.268774703557312,3.6785621255535297,14.96291587200678,24.268774703557312
Total Electronics Compute Power,159.66821307632196,221.47485272303456,266.2256023371714,1149.1102443438913,5039.65420204978,9584.439943502823,1149.1102443438913,5039.65420204978,9584.439943502823,1151.28083415187,5086.197000369411,9756.698030194102,1151.28083415187,5086.197000369411,9756.698030194102,1151.8247634886138,5097.967334999536,9800.734399711137,87.27684240687678,132.17680652680653,166.09478260869568,303.343564990883,395.5665289256199,459.18140230280113,589.0331846835113,736.9932570459841,834.1342429970786,1163.180897629591,1431.1077537613903,1602.304523113937,2294.8654821568116,2751.7705043441406,3029.057490977831,4558.234651211254,5393.096005509641,5882.563426705618,150.5771140244142,193.33059201072902,222.36878628583264,177.8758530867413,277.8668616232253,354.10708369135597,213.89314899713466,389.03203962703964,527.244404536862,286.3257249283668,612.9812354312354,876.1446880907372,431.190876790831,1060.879627039627,1573.9452551984878,699.0320544412608,1867.6402214452219,2825.1360869565215,159.66821307632196,221.47485272303456,266.2256023371714,159.66821307632196,221.47485272303456,266.2256023371714,159.66821307632196,221.47485272303456,266.2256023371714,159.66821307632196,221.47485272303456,266.2256023371714,159.66821307632196,221.47485272303456,266.2256023371714,159.66821307632196,221.47485272303456,266.2256023371714,159.66821307632196,221.47485272303456,266.2256023371714,159.66821307632196,221.47485272303456,266.2256023371714,159.66821307632196,221.47485272303456,266.2256023371714,159.66821307632196,221.47485272303456,266.2256023371714,159.66821307632196,221.47485272303456,266.2256023371714,159.66821307632196,221.47485272303456,266.2256023371714
Total Combined Electronics Power,163.3467752018755,236.43776859504135,290.4943770407287,1149.5943386809267,5042.003796086782,9588.973199794553,1149.5943386809267,5042.003796086782,9588.973199794553,1151.6445907201978,5087.9754703294475,9760.159078491599,1151.6445907201978,5087.9754703294475,9760.159078491599,1152.158364546915,5099.601371841154,9803.921346813502,89.11612346965354,139.6582644628099,178.22916996047434,310.69704245897367,425.47752701843615,507.69489259322904,603.7310226621515,796.7781691036234,931.1010757862176,1192.5765735868715,1550.677577876669,1796.238188692215,2353.6021323261266,2990.687647806739,3416.5639353840866,4675.653249804637,5870.707787666878,6657.215428767829,152.4164200651568,200.8121515470831,234.50333842608174,185.23297733784835,307.7926933672389,402.6446330984706,228.60661604584527,448.8805244755245,624.314347826087,315.75265902578803,732.6782051282051,1070.2845746691871,490.04474498567345,1300.2735664335664,1962.2250283553876,816.6968108882522,2346.2532750582754,3601.412079395085,163.3467752018755,236.43776859504135,290.4943770407287,163.3467752018755,236.43776859504135,290.4943770407287,163.3467752018755,236.43776859504135,290.4943770407287,163.3467752018755,236.43776859504135,290.4943770407287,163.3467752018755,236.43776859504135,290.4943770407287,163.3467752018755,236.43776859504135,290.4943770407287,163.3467752018755,236.43776859504135,290.4943770407287,163.3467752018755,236.43776859504135,290.4943770407287,163.3467752018755,236.43776859504135,290.4943770407287,163.3467752018755,236.43776859504135,290.4943770407287,163.3467752018755,236.43776859504135,290.4943770407287,163.3467752018755,236.43776859504135,290.4943770407287
Total Electronics Power dBm,22.131105650382384,23.7371685199882,24.631377303793002,30.60544616394708,37.02603168317603,39.81772104820509,30.60544616394708,37.02603168317603,39.81772104820509,30.613184720525304,37.06545008865545,39.89456896185962,30.613184720525304,37.06545008865545,39.89456896185962,30.615121771097083,37.075362292791354,39.913998184121596,19.49956286533031,21.450666407487603,22.509787845276172,24.923371192032814,26.28876626348619,27.05602794427385,27.80843492608197,29.013374263597743,29.68996828428731,30.764862740170337,31.905215072234355,32.54363925413592,33.71733048847532,34.75771056990664,35.335895522428714,36.698422960568884,37.68690464066623,38.232926110317806,21.830317567644183,23.027899893005216,23.701490297790563,22.677183074048028,24.882583059829404,26.049219147006355,23.59088795047121,26.521307631287755,27.9540331588611,24.9934701653652,28.64913272836486,30.294992662615496,26.902357363819277,31.140347337633912,32.92748810877281,29.12060859719348,33.70374891847301,35.564728168915124,22.131105650382384,23.7371685199882,24.631377303793002,22.131105650382384,23.7371685199882,24.631377303793002,22.131105650382384,23.7371685199882,24.631377303793002,22.131105650382384,23.7371685199882,24.631377303793002,22.131105650382384,23.7371685199882,24.631377303793002,22.131105650382384,23.7371685199882,24.631377303793002,22.131105650382384,23.7371685199882,24.631377303793002,22.131105650382384,23.7371685199882,24.631377303793002,22.131105650382384,23.7371685199882,24.631377303793002,22.131105650382384,23.7371685199882,24.631377303793002,22.131105650382384,23.7371685199882,24.631377303793002,22.131105650382384,23.7371685199882,24.631377303793002
Total Photonic Losses and OMA,-16.559696317291746,-16.559696317291746,-16.559696317291746,-16.559696317291746,-16.559696317291746,-16.559696317291746,-16.559696317291746,-16.559696317291746,-16.559696317291746,-16.559696317291746,-16.559696317291746,-16.559696317291746,-16.559696317291746,-16.559696317291746,-16.559696317291746,-16.559696317291746,-16.559696317291746,-16.559696317291746,-16.40999720544867,-16.40999720544867,-16.40999720544867,-16.8590945409779,-16.8590945409779,-16.8590945409779,-17.45789098835021,-17.45789098835021,-17.45789098835021,-18.65548388309483,-18.65548388309483,-18.65548388309483,-21.05066967258407,-21.05066967258407,-21.05066967258407,-25.84104125156255,-25.84104125156255,-25.84104125156255,-12.999697248808857,-12.999697248808857,-12.999697248808857,-20.669394497617713,-20.669394497617713,-20.669394497617713,-25.878490901629835,-25.878490901629835,-25.878490901629835,-33.28638375301426,-33.28638375301426,-33.28638375301426,-45.09186949914332,-45.09186949914332,-45.09186949914332,-65.69254103476163,-65.69254103476163,-65.69254103476163,-16.559696317291746,-16.559696317291746,-16.559696317291746,-16.559696317291746,-16.559696317291746,-16.559696317291746,-16.559696317291746,-16.559696317291746,-16.559696317291746,-16.559696317291746,-16.559696317291746,-16.559696317291746,-16.559696317291746,-16.559696317291746,-16.559696317291746,-16.559696317291746,-16.559696317291746,-16.559696317291746,-16.559696317291746,-16.559696317291746,-16.559696317291746,-16.559696317291746,-16.559696317291746,-16.559696317291746,-16.559696317291746,-16.559696317291746,-16.559696317291746,-16.559696317291746,-16.559696317291746,-16.559696317291746,-16.559696317291746,-16.559696317291746,-16.559696317291746,-16.559696317291746,-16.559696317291746,-16.559696317291746
Total Photonic Power mW,72.45854590537024,72.45854590537024,72.45854590537024,72.45854590537024,72.45854590537024,72.45854590537024,72.45854590537024,72.45854590537024,72.45854590537024,72.45854590537024,72.45854590537024,72.45854590537024,72.45854590537024,72.45854590537024,72.45854590537024,72.45854590537024,72.45854590537024,72.45854590537024,35.00174589010667,35.00174589010667,35.00174589010667,155.25994658613624,155.25994658613624,155.25994658613624,356.4257505657698,356.4257505657698,356.4257505657698,939.2005926656507,939.2005926656507,939.2005926656507,3260.670636914586,3260.670636914586,3260.670636914586,19650.521755245103,19650.521755245103,19650.521755245103,31.921971648158443,31.921971648158443,31.921971648158443,186.66351190111064,186.66351190111064,186.66351190111064,619.3969647208127,619.3969647208127,619.3969647208127,3410.0312422397046,3410.0312422397046,3410.0312422397046,51678.14695303773,51678.14695303773,51678.14695303773,5934362.698155012,5934362.698155012,5934362.698155012,72.45854590537024,72.45854590537024,72.45854590537024,72.45854590537024,72.45854590537024,72.45854590537024,72.45854590537024,72.45854590537024,72.45854590537024,72.45854590537024,72.45854590537024,72.45854590537024,72.45854590537024,72.45854590537024,72.45854590537024,72.45854590537024,72.45854590537024,72.45854590537024,72.45854590537024,72.45854590537024,72.45854590537024,72.45854590537024,72.45854590537024,72.45854590537024,72.45854590537024,72.45854590537024,72.45854590537024,72.45854590537024,72.45854590537024,72.45854590537024,72.45854590537024,72.45854590537024,72.45854590537024,72.45854590537024,72.45854590537024,72.45854590537024
Total Laser Power from Wall mW,362.2927295268512,362.2927295268512,362.2927295268512,362.2927295268512,362.2927295268512,362.2927295268512,362.2927295268512,362.2927295268512,362.2927295268512,362.2927295268512,362.2927295268512,362.2927295268512,362.2927295268512,362.2927295268512,362.2927295268512,362.2927295268512,362.2927295268512,362.2927295268512,175.00872945053334,175.00872945053334,175.00872945053334,776.2997329306811,776.2997329306811,776.2997329306811,1782.128752828849,1782.128752828849,1782.128752828849,4696.002963328253,4696.002963328253,4696.002963328253,16303.353184572929,16303.353184572929,16303.353184572929,98252.6087762255,98252.6087762255,98252.6087762255,159.60985824079222,159.60985824079222,159.60985824079222,933.3175595055532,933.3175595055532,933.3175595055532,3096.984823604063,3096.984823604063,3096.984823604063,17050.156211198522,17050.156211198522,17050.156211198522,258390.73476518862,258390.73476518862,258390.73476518862,29671813.49077506,29671813.49077506,29671813.49077506,362.2927295268512,362.2927295268512,362.2927295268512,362.2927295268512,362.2927295268512,362.2927295268512,362.2927295268512,362.2927295268512,362.2927295268512,362.2927295268512,362.2927295268512,362.2927295268512,362.2927295268512,362.2927295268512,362.2927295268512,362.2927295268512,362.2927295268512,362.2927295268512,362.2927295268512,362.2927295268512,362.2927295268512,362.2927295268512,362.2927295268512,362.2927295268512,362.2927295268512,362.2927295268512,362.2927295268512,362.2927295268512,362.2927295268512,362.2927295268512,362.2927295268512,362.2927295268512,362.2927295268512,362.2927295268512,362.2927295268512,362.2927295268512
Total Laser Power from Wall dBm,25.59059618721118,25.59059618721118,25.59059618721118,25.59059618721118,25.59059618721118,25.59059618721118,25.59059618721118,25.59059618721118,25.59059618721118,25.59059618721118,25.59059618721118,25.59059618721118,25.59059618721118,25.59059618721118,25.59059618721118,25.59059618721118,25.59059618721118,25.59059618721118,22.430597118728294,22.430597118728294,22.430597118728294,28.90029436753715,28.90029436753715,28.90029436753715,32.50939077154927,32.50939077154927,32.50939077154927,36.71728362293371,36.71728362293371,36.71728362293371,42.12276936906275,42.12276936906275,42.12276936906275,49.923440904681044,49.923440904681044,49.923440904681044,22.03059711872829,22.03059711872829,22.03059711872829,29.700294367537147,29.700294367537147,29.700294367537147,34.90939077154927,34.90939077154927,34.90939077154927,42.3172836229337,42.3172836229337,42.3172836229337,54.12276936906275,54.12276936906275,54.12276936906275,74.72344090468107,74.72344090468107,74.72344090468107,25.59059618721118,25.59059618721118,25.59059618721118,25.59059618721118,25.59059618721118,25.59059618721118,25.59059618721118,25.59059618721118,25.59059618721118,25.59059618721118,25.59059618721118,25.59059618721118,25.59059618721118,25.59059618721118,25.59059618721118,25.59059618721118,25.59059618721118,25.59059618721118,25.59059618721118,25.59059618721118,25.59059618721118,25.59059618721118,25.59059618721118,25.59059618721118,25.59059618721118,25.59059618721118,25.59059618721118,25.59059618721118,25.59059618721118,25.59059618721118,25.59059618721118,25.59059618721118,25.59059618721118,25.59059618721118,25.59059618721118,25.59059618721118
Total Laser Power from Wall mW Compute Adjusted,341.5309685224471,277.84220982362245,225.32005295715322,359.5605068305702,349.0316486510514,336.7070847862543,359.5605068305702,349.0316486510514,336.7070847862543,360.23969176980444,352.2550661672229,342.7586139880202,360.23969176980444,352.2550661672229,342.7586139880202,360.4098891107143,353.0702449744228,344.3056378821709,164.97957590035952,134.2141538210384,108.84285820269466,731.8126422183211,595.3440842288907,482.8026694408205,1680.0010306037,1366.7141251298165,1108.356067449322,4426.891045659012,3601.363577937051,2920.5765121644517,15369.06360379511,12503.037756933549,10139.51455146407,92622.0867833186,75349.90276778133,61106.064815459715,150.46316149346887,122.4047630797684,99.2658664673358,879.8323125424843,715.7610188282681,580.4564784070454,2919.507183282913,2375.0769393140718,1926.102092562829,16073.069895370527,13075.76082397276,10603.972388439155,243583.2428015675,198159.79426048265,160700.47587475812,27971423.03285099,22755306.84956875,18453736.5566446,341.5309685224471,277.84220982362245,225.32005295715322,341.5309685224471,277.84220982362245,225.32005295715322,341.5309685224471,277.84220982362245,225.32005295715322,341.5309685224471,277.84220982362245,225.32005295715322,341.5309685224471,277.84220982362245,225.32005295715322,341.5309685224471,277.84220982362245,225.32005295715322,341.5309685224471,277.84220982362245,225.32005295715322,341.5309685224471,277.84220982362245,225.32005295715322,341.5309685224471,277.84220982362245,225.32005295715322,341.5309685224471,277.84220982362245,225.32005295715322,341.5309685224471,277.84220982362245,225.32005295715322,341.5309685224471,277.84220982362245,225.32005295715322
Total Chip Area,0.47417840000000006,0.5141784,0.6141783999999999,0.47417840000000006,0.5141784,0.6141783999999999,0.47417840000000006,0.5141784,0.6141783999999999,0.47417840000000006,0.5141784,0.6141783999999999,0.47417840000000006,0.5141784,0.6141783999999999,0.47417840000000006,0.5141784,0.6141783999999999,0.3199784,0.3399784,0.3899784,0.8101784000000001,0.8901784000000001,1.0901784,1.4545784,1.6145784,2.0145784,2.7433784,3.0633784,3.8633783999999998,5.3209784,5.960978400000001,7.560978400000001,10.4761784,11.756178400000001,14.9561784,0.4350584,0.47505840000000005,0.5750583999999999,0.5800183999999999,0.6200184,0.7200184000000001,0.7640984,0.8040984,0.9040984000000001,1.1322584,1.1722584,1.2722584,1.8685784,1.9085784000000001,2.0085784,3.3412184000000003,3.3812184000000003,3.4812184,0.5368318999999999,0.5768319,0.6768319,0.5994853999999998,0.6394853999999999,0.7394854,0.75611915,0.79611915,0.8961191500000001,0.48791960000000006,0.5279196000000002,0.6279196,0.48333905000000005,0.5233390500000001,0.62333905,0.47875850000000003,0.5187585000000001,0.6187585,0.5368318999999999,0.5768319,0.6768319,0.5994853999999998,0.6394853999999999,0.7394854,0.75611915,0.79611915,0.8961191500000001,0.44871920000000004,0.4887192000000001,0.5887191999999999,0.4847192,0.5247192,0.6247191999999999,0.6647192,0.7047192,0.8047192000000001
Total Chip Power,504.8777437243226,514.2799784186639,515.8144299978819,1509.154845511497,5391.035444737833,9925.680284580807,1509.154845511497,5391.035444737833,9925.680284580807,1511.8842824900023,5440.2305364966705,10102.91769247962,1511.8842824900023,5440.2305364966705,10102.91769247962,1512.5682536576292,5452.671616815577,10148.226984695673,254.09569937001305,273.87241828384833,287.07202816316897,1042.509684677295,1020.8216112473268,990.4975620340496,2283.7320532658514,2163.4922942334397,2039.4571432355397,5619.467619245884,5152.04115581372,4716.814700856667,17722.665736121235,15493.725404740288,13556.078486848157,97297.74003312325,81220.6105554482,67763.28024422754,302.87958155862566,323.21691462685146,333.7692048934175,1065.0652898803326,1023.5537121955069,983.101111505516,3148.1137993287584,2823.957463789596,2550.4164403889163,16388.822554396316,13808.439029100964,11674.256963108342,244073.28754655318,199460.06782691623,162662.70090311352,27972239.72966188,22757653.10284381,18457337.968723994,504.8777437243226,514.2799784186639,515.8144299978819,504.8777437243226,514.2799784186639,515.8144299978819,504.8777437243226,514.2799784186639,515.8144299978819,504.8777437243226,514.2799784186639,515.8144299978819,504.8777437243226,514.2799784186639,515.8144299978819,504.8777437243226,514.2799784186639,515.8144299978819,504.8777437243226,514.2799784186639,515.8144299978819,504.8777437243226,514.2799784186639,515.8144299978819,504.8777437243226,514.2799784186639,515.8144299978819,504.8777437243226,514.2799784186639,515.8144299978819,504.8777437243226,514.2799784186639,515.8144299978819,504.8777437243226,514.2799784186639,515.8144299978819
Total Chip Power dBm,27.03186226328766,27.11199617007168,27.124934874351,31.78733802466831,37.31672187217887,39.96760282056291,31.78733802466831,37.31672187217887,39.96760282056291,31.795185521445234,37.35617303853875,40.044468148473335,31.795185521445234,37.35617303853875,40.044468148473335,31.797149810224077,37.36609343404903,40.063901724931654,24.049973145754464,24.375482966194664,24.57990877602021,30.180800981612595,30.089498556816633,29.958534109230644,33.5864514746591,33.351553526995886,33.09514583567369,37.49695173046695,37.11979323620274,36.73648815407003,42.48529046411929,41.90155854698808,41.32134074646484,49.881027528835375,49.096662498654865,48.309944208983055,24.812699966233357,25.094940802488594,25.23446264153234,30.273762314044603,30.101106377147488,29.92598187120693,34.9805042302859,34.508581508144026,34.06611099256159,42.14547753052067,41.401445866623305,40.67229248373816,53.87520250920904,52.99855962387263,52.11287979187417,74.46727241605352,73.57127473143164,72.66169064573958,27.03186226328766,27.11199617007168,27.124934874351,27.03186226328766,27.11199617007168,27.124934874351,27.03186226328766,27.11199617007168,27.124934874351,27.03186226328766,27.11199617007168,27.124934874351,27.03186226328766,27.11199617007168,27.124934874351,27.03186226328766,27.11199617007168,27.124934874351,27.03186226328766,27.11199617007168,27.124934874351,27.03186226328766,27.11199617007168,27.124934874351,27.03186226328766,27.11199617007168,27.124934874351,27.03186226328766,27.11199617007168,27.124934874351,27.03186226328766,27.11199617007168,27.124934874351,27.03186226328766,27.11199617007168,27.124934874351
Inferences Per Second,1041.938004688721,4238.186056367875,6874.033339061694,137.1177841766077,665.513110608279,1284.026707755521,68.55889208830385,332.7565553041395,642.0133538777606,34.3441975478243,167.9148335963999,326.77602771060714,17.17209877391215,83.95741679819994,163.38801385530357,8.590105916005944,42.07585435022258,82.06272874985639,520.9690023443605,2119.0930281839373,3437.016669530847,1736.5633411478682,7063.6434272797915,11456.72223176949,2604.8450117218026,10595.465140919687,17185.083347654236,5209.690023443605,21190.930281839373,34370.16669530847,5209.690023443605,21190.930281839373,34370.16669530847,5209.690023443605,21190.930281839373,34370.16669530847,523.3478562363439,2128.769252056923,3452.7108095743665,2083.876009377442,8476.37211273575,13748.066678123389,4093.327875562833,16650.01665001665,27005.130974885225,8186.655751125666,33300.0333000333,54010.26194977045,16373.311502251332,66600.0666000666,108020.5238995409,28653.295128939826,116550.11655011657,189035.91682419658,1041.938004688721,4238.186056367875,6874.033339061694,1041.938004688721,4238.186056367875,6874.033339061694,1041.938004688721,4238.186056367875,6874.033339061694,1041.938004688721,4238.186056367875,6874.033339061694,1041.938004688721,4238.186056367875,6874.033339061694,1041.938004688721,4238.186056367875,6874.033339061694,1041.938004688721,4238.186056367875,6874.033339061694,1041.938004688721,4238.186056367875,6874.033339061694,1041.938004688721,4238.186056367875,6874.033339061694,1041.938004688721,4238.186056367875,6874.033339061694,1041.938004688721,4238.186056367875,6874.033339061694,1041.938004688721,4238.186056367875,6874.033339061694
Inferences Per Second Per Watt,2063.7431886037907,8241.009244419121,13326.562692497611,90.85733288696062,123.44810517947596,129.3641010934244,45.42866644348031,61.72405258973798,64.6820505467122,22.716154897292157,30.865389337807645,32.34471839296996,11.358077448646078,15.432694668903823,16.17235919648498,5.679152590459116,7.716557553266955,8.086410451166836,2050.286579568306,7737.518956683165,11972.663068298943,1665.7527183408517,6919.56689538423,11566.6334485896,1140.6088590807942,4897.38982161424,8426.302756423995,927.0789292567772,4113.113548778018,7286.732440234756,293.95634387131383,1367.710458800053,2535.4062923620377,53.54379270957435,260.90582349627397,507.20931117020876,1727.907353619492,6586.193839869277,10344.605670486948,1956.571140921868,8281.316370348619,13984.387279422022,1300.2477472179098,5895.987054873425,10588.518230680467,499.52677954461035,2411.5711580327256,4626.441076331242,67.08358651959558,333.90175449985094,664.0767877319396,1.0243475462050955,5.1213592202770855,10.241775772027278,2063.7431886037907,8241.009244419121,13326.562692497611,2063.7431886037907,8241.009244419121,13326.562692497611,2063.7431886037907,8241.009244419121,13326.562692497611,2063.7431886037907,8241.009244419121,13326.562692497611,2063.7431886037907,8241.009244419121,13326.562692497611,2063.7431886037907,8241.009244419121,13326.562692497611,2063.7431886037907,8241.009244419121,13326.562692497611,2063.7431886037907,8241.009244419121,13326.562692497611,2063.7431886037907,8241.009244419121,13326.562692497611,2063.7431886037907,8241.009244419121,13326.562692497611,2063.7431886037907,8241.009244419121,13326.562692497611,2063.7431886037907,8241.009244419121,13326.562692497611
